Sequence,Label
ARTDNFVRL,1
MIEITVNDRLGKKVRIKCNPSDTIGDLKKLIAAQTGTRWEKIVLKKWYTIYKDHITLMDYEIHEGFNFELYYQ,1
AVNIPFKVKFRCKAAFC,0
SLVQFEKMIKEVAGKNGVPWY,0
APAHRGRGGWTLNSAGYLLGPVLPVSSKADQGRKRDSALEILDLWKIIDGLPYSHSPRMT,1
DAGHGQISHKRHKTDSFVGLM,1
ANEAKVVLVADNVQGDN,0
MNFKYIKKDG,0
SCGYPCSHCGIPGCYPG,0
NIQSLKNAQGQGGGSSSG,1
NDPYLRF,1
FLSGLVGALAKMF,0
DNSCTPKPSCFF,0
VQPPHSHGDNFYIWT,0
VFEIAPSAK,0
EVAQMHVWRAVNHDRNHGTGSGRHGRFLIRNRYRYGGGHLSDA,1
MACKVKAELEAAFKKLDANGDGYVTALELQTFMVTLDAYKALSKDKVKEASAKLIKMADKNSDGKISKEEFLNANAELLCQLK,0
MRVKINLKCSSCDSINYLTSKNSKTHPDKIEVLKYCPKERKVTLHLESK,0
DFTGVKFDNTIGCGKG,0
VPATIPLTITNDSGG,0
MKVQSSVKKRCEHCKIIKRKGRVYVICKVNPKHNQKQG,0
GLLDILKKVGKVA,1
CGTATCETQRLANFLAPSSNKLGAIFSPTKMGSNTY,1
KCHFDEN,1
RKPWLL,1
NVGSHGFLRF,1
MVQLVDLARCVSF,0
SGKLSFLEDEM,1
GYEEREIAETVRELEEA,0
GLRQKVQSLV,0
MAFLLPFLCNCCNPMSLLCGGGCDLISCCCRGGGWQPMARQPIYPYGSPMGAHVYYPPPVAQPPVRGPVRVPQGERPVDGLR,0
PNVDPYSYLPSV,1
TPPQPADNFIRF,1
SGNSNELRRGKL,1
MKKVHVLGAGTMGAGI,0
ELQLEVEERRPGSVDVPLPESNIVRTIMEFLSFLHLKEAGALDSLPGIPLATSSEDLEKS,1
AFSSWG,1
QKKDRFLGLF,0
PVKVYTNGVEEESSEAFPSEM,1
HWSHDWKPG,1
DMDDFGLGDFDDGR,0
NEQSGISQTVIVGPWGAQVT,0
GTLKGIPTDDEQATGLERRT,0
TLQPPSALRRRHYHHALPPSRHYP,1
GCCSRPPCIANNPDIC,0
SLFDPSCTGVFDRELLGRLNRVCDDCYNVFREPKVATECRSHCFLNPAFIQCLEYIIPEVLHEEYQANVQLV,1
AKDNFLRF,1
GVLFASGQNLARTLIEFLLR,0
DCCYGRVNGCNPKMADKNYE,0
MQVNPNPNKVPVELNRTSLYLGLLLVFVMGILFSSYFFN,0
GNFFRF,1
AMSDLELRQCLPCGPGGKGRCFGPSICCGDELGCFMGTAEALRCQEENYLPSPCQSGQKPCGSGGRCAAAGICCNDESCVTEPECREGASFPRRA,1
NIQSLLRTGMLPSIAPK,1
CYISNCPIG,1
GLLSSLGLNL,0
QLNYSPDW,1
NLGSLARAGLLRTPSTDYL,1
ATGAASLYSFGL,1
SAIACGESCVYIPCFIPGCSCRNRVCYLN,0
GVMDFQIGLQ,1
AVNVNTNVSAMTAQRYLNQA,0
GTSLSPPPESSGSPQQPGLSAPHSRQIPAPQGAVLVQREKDLPNYNWNSFGLRF,1
ACNTATCVTHRLADFLSRSGGIGNSNFVPTNVGSKAF,1
YGGFMRSL,1
QGLISFPRV,1
DFDMLRCMLGRVYRPCWQV,1
ARMGFHGMR,1
SAPSDFSRDIMSFG,1
KPRPHQFFGLM,1
LMCTHPLDCSN,0
TKDEGTFIAEGGGVR,0
RGSNLTTHPLRNIKDLVVYM,0
AAAAPGAAGGAQLPLGNRERKAGCKNFFWKTFSSC,1
SPYRAFAFA,1
TRTPVNVTVTGAAGQIGYALLFRIASGHLLG,0
LLACLFGNGRCSSNRDCCELTPVCKRGSCVSSGPGLVGGILGGIL,0
VTPEQNMTQMDGSASDLLLRLMHMANRQQQSKHQFY,1
VDELYPVEPEEEANGGEILT,1
DKNKKPIRVGGRRPPGFTPFR,0
YSKFNFGL,1
MENIKMEMIYFAAAIMLGMAAVGAAIGISLLGGKFLEGAARQPDLMPILRTNFFIVMGLVDAIPMIVVGMALYLIFGVAA,0
HSEGTFTSDYSKYLDNRRAKDFVQWLMNT,1
MKWETPTATDLRFGFEITMYVSAR,0
VAPAQHLCGSHLVDALYLVCGDRGFFYNP,1
EDVSAGEDCGPLPEGGPEPRSDGAKPGPRE,1
GFYGG,1
AGLLVYPRL,1
APTAFYGVR,1
RWAEIVCRSPSCNECCEWHTCFAPED,0
LVKPRTSRTGPGAWQGGRRKFRRQRPRLSHKGPMPF,1
GWQDLNGGW,1
QLTFSPDWGKR,1
YDKKVDSIILFGVNG,0
EPEPMARPTRPKVFESPEELRQYLDLVKEYYSLSGKARY,1
AWLVTCP,0
SGMRNALVRF,1
SADPNFLRFG,1
MREKWKKKRSRRLRRKRRKMRARSK,0
ASSQHLCGSHLVDALYMVCGEKGFFYQPKT,1
NGSAGNGGLWFGPRL,1
RKTAGKPKN,0
AFDRMDNSDFFGA,1
GVLDILKNAAKNILAHAAEQI,0
TADDNNQVLEHRNLAQQLNIPIL,1
RPPGWSPFR,0
QDKPFWSPPIYPH,0
LEDNGRTHWAVLVA,0
MSKVCVLTGKRPKYGNTVSHANNHRRKRFEPNLHTKRVWLEEEKRWVKVKVSAKALKIMSRQGTAELAKLFK,0
GSNIEVMLGLPNSDVK,0
MKRLIPVALLTALLAGCAHDSPCVPVYDDQGRLVHTNTCMKGTTQDNWETAGAIAGGAAAVAGLTMGIIALSK,0
TDMKDESDRGAHSERGALWFGPRL,1
AIPSYSHNFV,1
SRPYSFGL,1
DRVYHPF,1
EDGSDAVSGEFLAEGGGVR,0
ANQTYFNFQRFEETN,0
FYSAPTRDNVFEL,0
MMKLVIILIVLLLVSFAAY,0
MLTLKVFVYTVVTFFVFLFIFGFLSNDPARNPGKGNLD,0
MATETATLVTTFLSRSLVSFTGYALYTAFGKPSKELRDPFEEHED,0
SGGEMSNMGHSMEE,0
FAPCPK,0
KQRSGESQNIIVGSWGAKVS,0
MGGKWSKSS,0
PFNAFTG,1
TRSAWPSTAASGLLEDPLPHTSRTSLEPSLR,1
FGGFTGARKSARKLANQ,1
FVPFFTQSDIQKMQEKERNKGQ,1
EGLLQLPSDK,0
TVLKTDAQCNCEAFKALSLP,0
ASDWNRLSGMW,1
QQPGLW,1
FSEFMRQYLVLSMQSSQ,1
FIGMIPGLIGGLISAIK,0
QSGALLSEQCCHIGCTRRSIAKLC,1
NFDEIDRSSFGFN,1
FLPKSLFTLVTDKSL,0
FDEIDRSSFA,1
NIFNAISAAGLGNQIKVSTAIDTGVLGTSYPPSK,0
IDWLKLGKMVMDVL,0
ASLFNAPRV,1
AEEQNQPPPV,1
LPLYNFGL,1
DENRNFLRF,1
KCNTATCATQRLANFLVHSNNNLGPVLSPTNVGSNTY,1
HLGSLYR,1
AEELVKPYNGDPFVGHLSTP,0
MLNLLCAVYKSSKKADTYLYVPGRDDFSRVPESLMKMFGAPRFIMIMPIKKDRTLGQVDIQTLRDELTKNGFYLQLPPPEENLLKQHLAAQSPKD,0
ANQYTFGL,1
GLVSGLLNSVTGLLGNLAGGGL,0
WNETSDKDLYTDSR,0
MFAIIRTGGKQIKVEQGQEIFIEKIKGEVNDKIAFDEILMIDGKIGTPTIKGAKVLGTIIKQGKAKKIRVIRYHPKKNVNKIYGHRQPYTKVKIDEISAK,0
DFKCPSEWYAYDQHCYRIIN,0
ASILTNAS,0
EVNFSPNW,1
FVSTYK,0
GAVSGLLTNLGL,0
NSFCNLPAVVGRCKGYFPRYFYNTEAGKCQRFIYG,0
LPVYNF,1
FLSLIPKIAGGIASLVKDL,0
GSGEDLSYGDAYEVDEDDHPLFVPRL,1
GVCDMADLA,0
KSPPQALNKPLPAPSAPSL,0
SEVGALVFQPKTRF,0
SVGNRNFLRF,1
QPNPDEFFGLM,1
EHWSYGLSPG,1
MKRTYQPSRIKRKRTHGFLARKKTAGGRKVLKNRRRKGRWRLAV,0
GKPFYPPPIYPEDM,0
DKNKKPIWMAGFPGFTPIR,0
ASPSAPLIRF,1
KSTSCMEAGSYCGSTTRICCGYCAYSASKNVCDYPSN,0
ACVGENQQCADWAGPHCCDGYYCTCRYFPKCICRNNN,0
FPPWE,0
QKAGLW,1
FLAKKVGKQLASHLAKKQLE,0
VIGGAKCNINEHRSIVLLYSSRLFGHTLINKEWVL,0
SVAALAAQGLLYNAPK,1
DRGETLDILEWGSPHAAAPR,1
GILDFAKTVVGGIRNALGI,0
LPHNHGG,1
MLEGLFKNKKQEEADEGDQVLILDILDEERTMLPPGFEIVSTTQDGKIIAKDREGHLWVIK,0
ADLIQRRQRSEFQSDIKGILYTVIKKNPDL,0
GGGRAFNHNANLFRFD,1
PAPESGFIRDP,1
VVSQYHELVVQARLSEQELEFR,0
AYGFRDPGPQL,1
HSDGSFTNDMNVMLDRMSAKNFLEWLKQQGRG,1
YGGWG,1
FQFVNPSDIVFGS,0
ESVLHQPQRF,1
RGSNLTIHPLRNIRDIFYVGNITIG,0
VARSLLIFEVQQPFLFLL,0
ISLMKRPPGFSPFR,1
ADDDLEGFSEEDLKAIKEHRAGLAA,0
QLYAFPRV,1
FVNQHLCGPHLVEALYLVCGERGFFYAPKT,1
GYRKPPFNGSIFG,1
GTACGESCYVLPCFTVGCTCTSSQCFKN,0
MKVRPSVKPICEKCKVIRRKGKVMVICENPKHKQKQG,0
GLFDIVKKIAGHIAGSI,0
SGPSYDEKEQENEDGNSVRL,1
MTDLNLPSIFVPLVGLVFPAIAMASLSLHVQKNKIV,0
TVAACNSPKVGLDSDAELVR,0
YQTSSPGSNITIGPL,0
MSAWMSAGFS,0
EVEEPEAPAPPAK,1
GIVEQCCHSTCSLFQLESYCN,1
MAIDNTQIFIALLTALIPAFFALKLGKELSK,0
AEVQDKGEFLAEGGGVR,0
NHLIGFDDPRLFSSSY,1
EHWSHGWYPG,1
GGPYAFGL,1
SHDVNINIQFGFENPQQVVD,0
AEPLASQLKEPIAGGGWWAA,0
VRDFV,1
NQKIITF,1
VDWICKDCANIFR,1
TGPSATTGVWFGPRL,1
TPHWRPQGRF,1
DFDEIDRAGF,1
GSLSNMMRI,1
APSSMGFMGMR,1
QITQFTPRL,1
MTYHKVSPDGRMSKEKENFFRYRNQLIVLNRYMH,0
GFLSALKKYLPIVLKHV,0
VRPYLVAFYESH,0
GIYCIFEGGTPDDR,0
AQSFLRL,1
YPSKPDSPGEDAPAEDMARYYSALRHYINLITRQRY,1
EGPVGLADPDGPASAPLGAP,0
MVLLLSMISRCLILIILCYQRYISVFLSPRCRFYPTCSHYAVDALYTFGLLKGLLLIAKRILKCHPFHSGGLNSISIKTKSKREY,0
ASWGEFQ,1
TKCPTCQNDTCSNKI,0
MSDINATRLPHLVRYPPYVGDGTDLTLNRGEK,0
ELATNEIDYPQEEGALNQQDKKDGSYKMSHFRWSSPPASKRYGGFMKSWDERSQKPLLTLFKNVINKEHQKKDQ,1
YRQSLNNFQGLRSFGCRFGTCTVQKLAHQIYHFTDKDKDGSAPRSKISPQGY,1
AQVESVCPGVVSC,0
NGRRYTTYGCSPPVT,0
NAAVAGAVIEGATLTFEVLQ,0
FAPRSPQLRLRF,1
GYSKNYLRF,1
APQRNFLRF,1
QPDDYGHMRY,1
NDQCLVIEIL,0
HSDGLFTSEYSKMRGNAQVQKFIQNLM,1
AFCRFNGQQCTSDGQCCNGRCINAFQGRICIG,0
DDFLCAGGCL,0
AGGTGANSAMWFGPRL,1
MSDINTTCLPAWLATCPCTGDDVNPTLTCGESLC,0
DEGPKSDCKP,0
RATVNGLPA,0
FLIGMTHGLICLISRKC,0
MRLSANRQGNTCAGRSVNA,0
QNLIPFPRV,1
HADGIFTSVYSHLLAKLAVKRYLHSLI,1
SDCACLHALGHVAR,0
RPKPQQFGLM,1
NRQPSKYGLEETI,0
CYIQNCPLG,1
VIDVNDEW,0
SGDIKAILERNGSERTRLIDILWDVQHLYGHIPDEVL,0
KPWERL,0
GRGGPSNYVRL,1
SGNYNFGL,1
QGLIAFPRV,1
MQVNLRCSE,0
AYGFRGPGPQL,1
QKIGLW,1
AYGGDGGAYYEWSPA,0
RQFLRF,1
FDFHTV,1
DVAHEILNEAYRKVLDQLSARKYLQSVVARGAGENLGGSAVDDPAPLT,1
SITKIKAREILD,0
FLPLIAGLLGKLF,0
SDEENLDFLE,1
AGVDPAIPAYVKTNG,0
DAHNEDEEHAEGS,0
MLSLIFYLRFPSYIRG,0
KPCCSIHDSSCCGI,0
WLNALLHHGLNCAKGVLA,0
RIRKPIFAFPRF,0
LQDAEDSSRFDADDTLAGEARELSTP,1
ETSDDYGHLRF,1
ATGQYAFGL,1
GANMGLYAFPRV,1
TSTLSWLDEITMEELERNPY,0
DFGHIQYVAAYR,0
SCNTATCVTHRLAGLLSRLGGVVKSNFVPTNVGSQAF,1
GAVPAAQWFSPRL,1
ITCLSDINSK,0
KDDHCKDLGSIDDDE,0
GSYYY,1
HIGSLYR,1
RVTKEWLDEVIHVCGREYVRAILDICAATVGLEAPPL,1
APMGFYGTRG,1
FLPFLASLLTKVL,0
GGNDFMRF,1
KIANGSGSEQDIAEAKI,0
MMIPGHFDYHRPKSV,0
NPTNLH,0
SGADFYPWG,1
QWLYSMFGL,1
SLALGRVDFRPG,1
RASPYGVKLCGREFIRAVIFTCGGSRW,1
SGFYADRY,1
LNWGAILKHIIK,0
DAHGSGNAHKQQDINHLLD,0
FCTMIPIPRCY,0
GCPWDSWC,0
YLTCNLR,0
FSGTYNFGL,1
EITFTPNW,1
GVQKSEVVITSA,0
QSAREQG,0
MAGTGRVPLWLVATVGGIAVITVLGIFIYGSYSGIGSSL,0
MIDDSQIFVALLFALVSAVLAIRLGKELYQ,0
GSSGLIPMPRV,1
AVDFSKVPTATAGPCKG,0
GILDVAKTLVGKLRNVLGI,0
MSTSRLLLPTTNQQQNSSPVIKEVDLNQNTPIPVVWQKTKKPPFVSFPRHEPSETIVISSKPRLFSFAKKIKPEAEQRKRKRTTEI,0
MLLHRLSKFCKIERDIVYIS,0
SPATMGFAGVR,1
WCLESSQCQDLTTESNLLACIRACKLDLSLETPVFPGNGDEQPLTENPRKYVMGHFRWDRFGPRNSSSAGSAAQ,1
EQDYTGWMDF,1
IVGGTEVTPGEIPYQLSLQD,0
EPQYSFGL,1
FQYDSQYDGF,0
TDKLIFGKGTRVTVEP,0
AGGSGGVGGEYDDYGHLRF,1
GLDLGLGRGFSGSQAAKHLMGLAAANFAGGP,1
GPRTYSFGL,1
IIFTPKL,1
LLPNLLKSLL,0
HTAGFIPRL,1
ALRAAAVAGSPQQLLPLGQRERKAGCKNFFWKTFSSC,1
APSAPAGLEEKLR,1
GYPEEKKEEEGSANRRPEDQELESLSAIEAELEKVAHQLQALRR,1
EPTWNNLKGMW,1
FLSLIPHAINAVSALANHG,0
EKGKEILGKI,0
SYSMEHFRWGKPVGKKRRPIKVFPTDAEEESSESFPIEL,1
NYVMSHFHWNTFGQRMNGTPGGS,1
GNSFLRF,1
RSLDASPSSAFSGNHSLS,1
MKVQASVRKICENCRLIRRRRRVMVVCKNPKHKQRQG,0
WANQVRFG,1
VTAKAVAAAEAASSAR,0
YGAHVFLRF,1
GRPNPVNNKPTPHPRL,0
QVAQMHIWRAVNHDRHHSTGSGRHSRFLTRNRYRYGGGHLSDA,1
DETPGFFIKLSKSVPRI,1
AFDHYGFTGGL,1
MALQADFDRAAEDVRKLKARPDDGELKELYGLYKQAIVGDINIACPGMLDLKGKAKWEAWNLKKGLSTEDATSAYISKAKELIEKYGI,1
LTPNTLSDLNSK,0
YPQSKWQEQ,1
AGEGLSSPFWSLAAPQRF,1
FDGRNAAGNDKMSALMALTTRGCCSHPVCSAMSPICG,0
NVTELIGNTPLVELI,0
QELHVPEREA,1
ASPYAFGL,1
GLFDVIKKVASVIGGL,1
MEPDPTPLPRRRLKLFR,0
TALPQLRLPATSRILCAGVLEGGIDTCNR,0
APPGFTPFRSKAV,0
NTEAFFGQGTRLTVV,0
QGLIPFPRV,1
EEEEEEEEEAEAGEEAVPEEEGPTVVLNPHPSL,1
INWKAIIEAAKQAL,0
ATPFGGSSYEGH,0
MKENKVQQISHKLINIVVFVAIVEYAYLFLHFY,0
APLEPAYPGDNATPEQMAQYAAELRKYINMVTRPRY,1
QLFQPPFR,0
MLKSEVSKQISMPLTAPAF,0
GANDFMRF,1
TDGFAFSPRL,1
SDPDMLNSIVE,1
ETFTVKMGGDAGTLQ,0
QQDYGTGWFDF,0
GRAENFLRL,1
SVAKPQTHESLEFIPRL,1
GAPRFI,1
ATDYDEEEDDRVKVRLDAR,0
GQAKGRVYWRCYFNAVTCF,1
ASPYGFAFA,1
GWRDLNGGW,1
DTARLQWH,0
MKCNECNRVQLKEGSVSLTL,0
KGDIMVFPR,0
QLGLW,1
QWFGPYPPVNYIN,0
EHWSHGWLPG,1
GIVEQCCTGVCSLYQLENYCN,1
LENGLLRKPPMG,0
HAEGTFTSDMTSYLEEKAAKEFVDWLIKGRPK,1
MDIINIAWAALMVIFTFSLSLVVWGRSGL,0
GPSSGFFGTR,1
AMTEELEAVENNGVR,0
GWQDLQSGW,1
DNPSLSIDLTFHLLRTLLELARTQSQRERAEQNRIIFDSV,1
MLMPKRVKYRREHRGRMKGRAKAVRI,0
AKFDKFYGLM,1
GQSSQRVFWRCYFNAVSCF,1
YIPISNRLSDVLHQIEEQRMRENLLEDLFERLAAGDDSVGDV,1
WFDPLRITETTTGSVTLK,0
FWRRDSRATAADFTKKDYTATLGRPFFLFRPRN,1
MEFGNLTNLDVA,0
MKKFISRPKRSSRRRKKTPIKPGENIDYKNVGLLRKFISEQGKILSKRITRLTSKQQRAMTKAIKSARILALLPFINNEN,0
EVNFPTSW,1
QFYRI,1
DKNAYGIDLIL,0
NLYQFGNMIQCTIPKRLSWSSFVDYGCYCGKGGSGTPV,0
FAESLPSDEEAESYSKEVPEIE,1
PKSNFLRF,1
ESKDQLSEDASKVITYL,1
MGQKTALSNFLKPFNSNAGKVVPGWGTTPLMGLFMGLLFVFLLIILQIYNSTIVLDAFSVNVGG,0
GLLAFPRV,1
ELEPEDEARPGGFDRLQSEDKAIRTIMEFLAFLHLKEAGALGRLPGLPSAASSEDAGQS,1
EEQEQEQEQDTKMA,0
STAKSTA,0
MYDESTGYSSALK,0
TIEEVLNLPPYVVAA,0
NVGSVAREHGLPY,1
MALPSALWWPG,0
NDVKDGAASGAHSDRLGLWFGPRL,1
ELYENKPRRPIL,1
SQEDTPL,0
HADGTFTSDVSSYLNDQAIKDFVAKLKSGKV,1
ETLSSARFRCKPNSEWRTQIPLFPQEVEACVLS,0
GFIGDIWSGIQG,0
MSLDLVGMYGSFLSEGANLRPFGRYAKIPRIGSHMTRYVEFLRRRISGRA,0
EEVFDDTDVGDELTNALESVLTDFKD,1
VKRCCDEEECSSACWPCCWG,0
GVVPHDFRI,0
MIFYKQRNAHLKPNETINYKDIDLLRKFITDQSKIVSRRSNGLTVKQQKQLAKSIKKARILALLPFVNKD,0
DPQQRIVTDETVLRF,1
LSLHEYMSMELLQEAGVSIP,0
MAKETNIEVLECPECSKELTIHIKTVVKPLLKKVQNTVWIKNE,0
QLGLQGSPHLVADLSKKQGPWLEKEEAAYGWMDF,1
SVSQLNQYAGFDTLGGMGLG,1
MYALAFDLKIEILKKEYGEPYNKAYDDLRQELELLGFEWTQGSVYVNYSKENTLAQVYKAINKLSQIEWFKKSVRDIRAFKVEDFSDFTEIVKS,0
ESIASFQGVLDGKYD,0
FIGAILPAIAGLVHGLINR,0
ADGSDPASGEFLTEGGGVR,0
MRVKLFQLRGMLSGSRIL,0
KTCENLADDY,0
AIDYDEDEDGRPKVHVDAR,0
GSPRFF,1
PEQTAPYGLGNPPRRRRRSLPRRCQCSSARDPSCATFCLRRPWTEARAVPSRKSPADVFQTGKTGATRGELLQRLRDIS,1
MPRVRSLFQRQKRTEPGLEEVGEIEQKQLQ,1
ECKWYLGTCSKDGDCCKHLQCHSNYE,0
MGRRRVKRRINIPKRQSRLEKRFNCPVCNHENVVQCTVKKTLMKGFANCSVCEASFACDANKLTTGIDVYSAWVDECCKR,0
APSGFNGMR,1
EPRLRFHDV,1
ENGQLDGVIDPK,0
VAGRSVVKIAEGYL,0
FNEFV,1
LRGEPIRFG,1
MYSYIYKALLYHGYEKFDLDIWEYFNK,0
GGALFRF,1
IDASTATGDSPVFTATIK,0
GYSDRNYLRF,1
AGLLDILGL,0
AYGESANVFGAP,0
PEDPQRRYQEEQRRE,0
GPTVGLFAFPRV,1
LLTSLRGPAESSGESAHPLE,1
SETGNTVTVKGFSPLR,0
FEDAKKVRFFKSNSETIK,0
QSAPGNEAIPP,0
GGCCSHPACFASNPDYC,0
APIVSGGYDF,0
TIFLQQQQQQQQQQQ,0
YSKSLPLSVLNP,0
MHSNNSRQILIPHQNENMFLTELY,0
MILPSLADLHRYTMYD,1
TSKYR,1
MRIGIIFPVVIFITAVVFLAWFFIGGYAAPGA,0
ARNDVLGDKENVRPNPYYTEPFDPDTSPEELSALIVDYANMIRNDVILLDNSVETRT,1
GVGDLIRKAVAAIKNIV,0
YAFEVVG,1
ANLFTSDQDLYTDSR,0
EVNFTPNWGT,1
KIFEPLVA,1
YRATETLCGGELVDTLQFVCGDRGFYFSTNNGRSNRRPNRGIVDVCCFKSCDLELLETYCAKPTKNE,1
TKTEEGEFISEGGGVR,0
AVPRPRI,1
HAGDLGNIVAGSDGV,0
ELSAERPLNEQIAEAE,1
GPDSAFLRL,1
KPMRLRW,1
TSWFKFQGSW,1
CCGIPNAACHPCVCTGKC,0
ADTGEGDFLAEGGGVR,0
TDPLWSSFNENALLEE,1
DMYSDNLGLCDN,0
QSEGTFSNYYSKYQEERMARDFLHWLMNS,1
KPWERE,0
PAGHGARARTRDLFAR,0
GPLQLSWNYNYGAAGK,0
PGLGFY,0
GCPQTPRCTNYAEKGQCPPN,0
DAARPNYYFL,1
EHWSGLRPG,1
GFGFVTFGNEK,0
FDRYDDETAYGYGFDNHIF,1
GHDFDQDDVNSSGEKDESLVRI,1
RIRFH,1
SSEAAPEEKVAILGA,0
QRRCPRIYMECKHDSDCLADCVCLEHGICG,0
KIFEPLREDNL,1
IVSYPDDAGEHAHKMG,0
RSLQNTEEKSRSFPAPQTDPLDDPDQMTED,1
NPELYQMNHFRWGQPPTHF,1
EQGVGGDDGL,0
MLMPKRTKYR,0
FPAFTTGFGHS,1
GIGAVLKVLTTGLPALISWIKRKRQQ,1
KPDPEAVLIV,0
ASGPCFPNPCQNDGECHVIDDSHR,0
HSEFERHAEGTYTSDITSYLEGQAAKEFIAWLVNGRG,1
SVLTPSLSSLGESLESGIS,1
MRPAQLLLNTAKKTSGGYKIPVELTPLFLAVGVALCSGTYFTYKKLRTDETLRLTGNPELSSLDEVLAKDKD,0
RYLPT,1
MKRTYQPSRRKRKRTHGFLARKRTPGGRRVLKNRRRKGRWRLTV,0
MKYNPRVSSNRRKS,0
AFCCPSGWSAYDQNCY,0
KFCPEGKCV,0
DGTLDIIGKKKVKELLAHQDNYPSAVRKTLSCTNVKSMSKWASCPAGMTATGCSCGFACGSWEIQNENICNCLCLIVDWAYARCCQLS,1
SDAFSRNFMNF,1
MASHKVSLACTVCGSRNYTVTLSKDRTERLSVSKFCQHCGKHTLHQQTK,0
ELNFSPGW,1
MKKTCVVSVFLVLLLLKFHDLSMGEEISPLKKVAPREQIFPCPGFPCPKGYFCDKGSQKCREGTD,0
APSEPHHPGDQATQDQLAQYYSDLYQYITFVTRPRF,1
MGIFSIFVISTVHYQPNKK,0
NSELINSLLGIPKVMNDA,1
RPPGLW,1
IALQSPAGAARIRDYLYNELSK,0
MLYYALVFFIIAIVAAVFGFSGIAAGAVGIAKILFVVFLIMAIATFVVNLLRGR,0
HIDGIFTDSYSRYRKQMAVKKYLAAVLGKRYKQRVKNK,1
GGGRSFRLSSLGE,1
RCLRPRSKELLCGSELVDILQFICGPTGFYVSKGASFRNRNRPGIVEECCFCGCSVAILESYCAAPVTNFTG,1
GLGNNAFLGVR,1
AGLPPEEKPKLCDAACE,0
HAEYERHADGRYTSDISSYLEGQAAKEFIAWLVNGRG,1
MKRSYKTLPTYFFSFFGPFKERAVFLLVL,0
NLVQFSNMIQCANHGSRPTRHYVDYGCYCGWGGSGTPVDELDRCCQTH,0
SFDRIDGSAFGPHRH,1
AVSLVLPQLK,0
GQTFVRF,1
QPSYGHSFV,1
QSPGLW,1
LAQSQFVGSR,1
RVSEEWMDQVIQVCGRGYARAWIEVCGASVGRLAL,1
QYTSELEEDE,1
SHGSHETDEEF,0
GKPNRPRPAPIQPRPPHPRL,0
ETISFNFNQFQQND,0
ELASELLAAAEEEEEKAQEVMAEEEEEQKQLLQEKKDGSYKMKHFRWSGPPASKRYGGFMKSWDERSQRPLLTLFKNVINKDGQQQK,1
DCANIFRQDGLLNNCR,1
YGLAGDHVLDAR,0
IVGGFTIGIDTVPY,0
IDPKLLESLA,0
MAKKSMIVRNARQPKYAVRHHNRCKLCGRPHAYIRKFGICRICFRELAYKGELPGVKKASW,0
QQFDDYGHLRF,1
GTGCSSGCHRVGQQCRCG,0
GPPYQPLVPR,0
VPSAGDMMVRFG,1
DSSESNEIDDVLFLGRRDANSFMKYPQLGN,0
NVCDGDACPDGVCRSGCTCDFNVAQRKDTCFYPQ,0
ELVHNKARPYIL,1
HSEGTFSNDYSKYQEERMAQDFVQWLMNS,1
AIANAPLLDTTITDRVFFD,0
FDVMGIIKKIAGAL,0
TPNRDFMRF,1
MSSSQFFILCIILISSFPLHECENGKSVEASNAAKTLCMSVNCDNKDRNLTCACCLAKSKNRCYSSKSECVADCKD,0
APPQILKSQSLIPFPRV,1
NNWNRMQGMW,1
TKPRPGP,1
TDTKESDFLAEGGGVR,0
VGRPEWW,1
AVVFDPQPALWAEADTQLEP,0
QLTFTPNWGT,1
PYDRISNSAFSDF,1
GAPRFV,1
SPAFNSWG,1
SGGGNVIMNQMNKRNHAKD,0
FISAIASFLGKFL,0
FKGLSHFDEN,1
FNAPFDVGIKLSGVQYQQHSQAL,1
MREYPNGEKTHLTVMAAGFPSLTGDHKVIYVAADRHVTSEEILEAAIRLLS,0
CCSTNCAVCIPCCP,0
SGGFAFSPRL,1
NQKTISF,1
APAPSGGGSAPLAKIYPRGSHWAVGHLM,1
MAKEDVIEVEGTVVEPLPNTMFKVELDNGHKVLAHISGKMRMNFVRILPGDRVMVELSPYDLNRGRIIYRFK,0
SYSMEHFRWGKPVGRKRRPIKVYPNGVDEESAESYPMEF,1
SPVDAFSPPEASLTGGQSLS,1
TLNKVYKFDRDRRFL,0
PADPNFLRF,1
MNNSCLSQSTQWWWRAN,0
SFNAASPLLANGHLHRASELGLTDLYDLQDWSSD,1
AMAPKFF,1
VLLDGNGEVVQNGGTYYLLP,0
LTNKTARFLVNGTSIPEVDFDVGE,0
FAKRYVELVIVA,0
AGQGFMRF,1
NNPPCCSGYVCEGVYCAVDV,0
FFFLPSLIGGLVSAIK,0
FFGDFGNISSAAAITGNPK,0
QPGYSHSFV,1
DVRTPALRLRF,1
MASKEYSMLPLCSPSIVSHTSGGSIVLKGSS,0
YDASLKPNLQIPQKNIPNNDAVNIK,0
AEYTLPDLGWDYAASGPG,0
LMYYTLPRPV,0
NLYQFKNMIKCTNTRMWWSFTNAGCYDG,0
DDPTSTFTCPGGSDYK,0
SSKMMRDSRCFGRRLDRIGSLSGLGCNVLRRH,1
ISINQDLKAIADMLIVEQKQEREKYLADLRQRLLNK,1
APVNSFVGMR,1
DDDDDDHTIEHFETF,0
MKLIAKTRILNTLVFSAAGK,0
GYSNKNFVRF,1
LAKRADICQPGKTSQRACET,0
GGCCSHPACQNNPDYC,0
AWQDLNAGW,1
QLWPRPHIPP,0
QQRFPQRYVQLVITVDHVMN,0
DFDEIDRSSFGFA,1
GKPICGETCFKGKCYTPGCTCSYPICKKN,0
AWQDLGSAW,1
ADDKNPLEECFCEDDDYCEG,0
SCNTAICVTHKMAGWLSRSGSVVKNNFMPINMGSKVL,1
PQLGLPFPRV,1
MFHQAKSPTHSTLTNFLRTALILFPLFCGEYILTSGSMSNRTASSDKHPSIKPSAISNFARISPSSTRRRRAMARFE,0
QGRFG,1
AAMRSFNMGFG,1
SSPEQTAPSRTLLPHIPLGMDKPDEECRLLIQ,1
KPHLRGRF,1
MLNQVEVLREEYVEGYVVQMWRRNPSNAPVIEVFTEDNLEEGIIPEYVTANDDTFDRIVDAVEFGYLEELELV,0
NLYQFKEMIRYTIP,0
QHWSHGWYPGGKRASNSPQDPQSALRPPAPSAAQTAHSFRSAALASPEDSVPWEGRTTAGWSLRRKQHLMRTLLSAAGAPRPAAVPIKP,1
QHWSYGLRPGGKRDAENLIDSFQEIVKEVGQLAETQRFECTTHQPRSPLRDLKGALESLIEEETGQKKI,1
SGNGGIVLGNSELDARNPERFFIGSRY,1
SLLADTQSGHRW,1
KVFFEERFEDGWENRWVKKD,0
EASGSITCECCFNQCRIFELAQYCRLPDHFFSRIS,1
SEAAFQKAAEEVKELKSQPTDQEMLDVYSHYKQATVGDVNTDRPGMLDFKGKAKWDAWNALKGMSKEDAMKAYVAKVEELKGKYGI,1
QNARIAVVYFAGY,0
ARPYSFGL,1
SGFNSPSPRY,1
NCPAGCRSQGCCM,0
GLPTCGETCFGGTCNTPGCSCSSWPICTRD,0
NGFWN,1
MRQGIHPEYQQVLFHDTNADAYFIIGSTIQTKQTREYEGKVYPYVTLDISSASHPFYTGEVRQASNEGRVATFNKRFSRFKR,0
QRWPSPKVPP,0
TNEKLFFGSGTQLSVL,0
ADDGAPLIRF,1
NAEPNFLRF,1
GVDSSFLRL,1
GGETSGEGKGMWFGPRL,1
MKVRPSVKPMCEHCKVIRRKGRVMIICSANPKHKQRQGK,0
HSEPGGAY,0
AYVSQSGAPWGLGRISHK,0
SANQDFMRF,1
ENFFKEIERAGQRIRDAIISAAPAVETLAQAQKIIKGGD,0
GHACYRNCWREGNDEETCKERCG,0
SDPDMLNNIVE,1
QSFGNQWARGHFM,0
MGDISPLTGTNGQIR,0
MAVTIAVDFCACVCNIDLWLPKAMVFKLALAW,0
SRDIVSVYDD,0
MTRLLMLLVRFYQRYLSPLKGGPTCRFTPSCSQYAYEALAKYGAIKGTWLAVRRVLRCHPFHPGGYDPVP,0
GRKKGVQFDEGAPDDFDPNNPYKKDVAFL,0
GGARAFLTEM,1
APVSTGAGGGTVLAKMYPRGSHWAVGHLM,1
ANQYAFGL,1
MGQFFAYATVITVKENDHVA,0
ILGPVLSLVGNALGGLLKNE,0
GSSFLSPSQKPQVRQGKGKPPRVG,1
GVGCSSGCHKVGGQCRCG,0
YDPSPLQDFCVAD,0
APEKWAAFHGSW,1
RQYAFGL,1
GSFVPRL,1
RVINDDCPNLIGNRDLYKKVEWICDDCANIYRSTGMASLCRKDCFFNEDFLWCVRATERSEDLAQLKQWVTILGAGRI,1
AKAKRSPRKKKAAVKKSSKSKAKKPKSPKKKKAAKKPAKKAAKKK,0
HSDGIFTDSYSRYRKQMAVKKYLAAVLGRRYRQRFRNK,1
SGGGMFSTNDVMQQ,1
QLLAERH,1
MDSVSVNQIL,0
SDYLQLART,1
SAIDRSMIRF,1
GLLDMVTGLLGNL,0
TMSFSPRL,1
MNRVQFNHHHHHHPD,0
SSEDMDRLGFGFN,1
MNRIGMITTIITTTITTGNGAG,0
GLLGFVGSLLGGLGI,0
TPTQSSDFMRF,1
AGSDPNFLRFG,1
SIVPLGLPVPIGPIVVGPR,0
QYWSYGVRPGGKRNIEPLVDSFQEMAKEIDQLAEPQHFECTLHQPRSPLRDLKGALESLMEEETGQKKI,1
VVSVVPGAISHA,1
YGEPIGVETLTK,0
PFNVGGLDKFGTLN,0
FISDQSRRKDLSDRPLPE,1
TNIMGENRLNRNL,1
AMRNALVRFG,1
IINDFTNLVNQVEPLK,0
HADAIFTSSYRRILGQLYARKLLHEIMNRQQGERNQEQRSRFN,1
ASLVTSFEEA,0
AVSEHQLLHDKGKSIQDLRRRFFLHHLIAEIHTAEIRATSEVSPNSKPAPNTKNHPVRFGSDDEGKYLTQETNKVETYKEQPLKTPGKKKKGKPG,1
GYIAYVHQNELVKR,0
EHDPSAPGNGYC,0
GNYYGYCRVHLNTAY,0
DDASDRAKKFYGLM,1
GRPPGFSPFRID,0
DVSASTTVLPDDFTAYPVGKFFQSDTWKQSTQRL,1
NRVYIHPFTL,1
MLTYTGTVINVQTFAAKPDP,0
MSMFGIGKNNQTINPQNIAMAEQEVEMMSDIFNRLVMTCHKKCISPKYYEADLTKGESVCIDRCVSKYFEANQSLSQHMQKRGQENPTP,0
AVTSSVADTTTVVRDDF,0
ARCENFADSYRQPPISSSQT,0
YPFPGP,1
GFSKLYF,1
ACKPKNNLCAITEMAECCSGFCLIYRCS,0
YAEVPSPAAQAPTAD,0
MQPEQIIRRPIILTEKSSRLRDQGNKVIFEVRREANKIQIKDAIQTLFKVGVVDVNTLIMRGKDKRMGRGYAKLRNWKKAIVTLKEGDEIQFFDEKAE,0
MTHSMRLRFPTLNQ,0
RVINDECPNLIGNRDLYKKVEWICEDCSNIFRKTGMASLCRRNCFFNEDFVWCVHATERSEELRDLEEWVGILGAGRD,1
PDRFGFGL,1
MFKEYKIYKFFEQVKQEAYKVVWPTKKELTASTLVVIVAVFVFSLICLVLDYGIHNIIQILLNIGK,0
TNDFMRF,1
MRVRASVKTLCRNCKVVRRRGVVRVICTDPRHKQRQG,0
MKTISRQAYADMFGPTTGDRLRLADTELFL,0
GPIPWQRRI,0
TPGYSHSFV,1
HKQGDFVLRVGAASVVPNDS,0
LSLQEFLGLWR,0
EIGDEENSAKFPIG,1
GSPYFV,1
MKQGINGFARRGRL,0
PPVTTRSKFTF,1
AVERPRQDGQVHEPPGRERKAGCKNFFWKTFTSC,1
MRRAVILVLDRAGPV,0
STDALSK,0
SEALAVDGAGKPGAEEAQDPEGKGEQEHSQQKEEEEEMAVVPQGLFRG,1
SDIGISEPNFLRF,1
VDSEDLIEAFKIYVEDDNEHLQGSVD,0
GALVAAYGLYDGFLTL,0
EDYKGWMDF,1
AKEKIHINIVVIGHV,0
AGDKPGDALLDEWLG,0
MNKKSIRNVNLKGKRVFDRV,0
DLIDVKCISSQECWIACKKVTGRFEGKCQNRQCRCY,0
VVGCPWQPWC,0
QHGLW,1
SPSLDDERNDNFVRL,1
DSTNTV,0
MKHSDNLRSVRSEYADADGSRCVYLTFDDGPNPLCTPPDI,0
FVSRHLCGSNLVETLYSVCQDDGFFYIPKD,1
SKDNYKNYIPLIVPFAT,0
RALDQNLLVDEHLMRF,1
AREFV,1
KPPSLWS,1
YIYTQ,0
DVVASSTAHKQQDINHLLDK,0
EAPVGFTPPELDPSTPSPIFGGSTGGLLR,0
SLGSPAVAEPAVIAE,0
DSDSAFLIG,0
CAVVDVPFGGAKAGVK,0
SGLQLLDLSNNREVEML,0
GSKKPVPIIYCNRRTGKCQRM,0
NAEDHHEHQ,1
SDPYLFR,1
GKPYAFGL,1
LPTGPNNPTTLDNSSII,0
GFLSILKKVLPKVMAHMK,0
MEYRYYCHSSFRFLKGGDGETGRWQGQFATLDSFSHYRLSLSLLAACSRW,0
TRSAWPLSAGAGSGLAGDHLSDISEPEPELDSR,1
NHYSYSSPPPPPVVSSPPPPYYYYSPPPPV,0
SGADTTFLTK,0
RLSKKPGKVKE,0
SLATLAKNGQLPTAEPGEDYGDADSGEPSEQ,1
VSHNNFLRF,1
AAVRLRPVGSLFFLNRPHE,1
QADPNAFYGLM,1
IPMYDFGI,1
MATMTKKKLISTISQDHKIHPNHVRTVIQNFLDKMTDALVQGDRLEFRDFGVLQVVERKPKVGRNPKNAAVPIHIPARRAVKFTPGKRMKRLIETPTKSS,0
GLSRNYLRF,1
DVTFSMLGANGATYYQFF,0
MAHDLP,0
SVPFKPRL,1
PNPKVFFDMTIGGQSAGRIVMEEYA,0
SANSNPAMAPRERKAGCKNFFWKTFTSC,1
SKSLFYQKQYDNINE,0
HAEDVNALLDRTMAKTFIEWLEKQNSNDQTD,1
HKLDSFIGLM,1
AFDSLAGSGFGAFN,1
APSWRPQGRF,1
GLVDVLGKVGGLIKKLLPG,0
CCQWPCSHGCIPCCY,0
FPQSFLPRG,1
SNTSHQDFHLFYGDNGMPVH,0
PHAYPFLSPEQKKEL,0
QDLDHVFLRF,1
QNCCNGGCSSKWCKGHARCC,0
MATQGFSCLLLSVSEIDLSMKRQYKQIR,0
ALTPPSLLSHGHFNRASDLGFSDLYDVQDWSSE,1
SIKPFANLPLRF,1
AAPDLDVRKCLPCGPGGKGRCFGPNICCAEELGCFVGTAEALRCQEENYLPSPCQSGQKACGSGGRCAVLGLCCSPDGCHADPACDAEATFSQR,1
FTSKNYLRF,1
YIQGYSGDVR,0
SLRGPAESSGESALSE,1
MDFNISGIGNVS,0
DNPSVGQFYGLM,1
SAAAPLIRFG,1
LYKLVKVVLNM,0
WLRMASGLTDYR,0
APSDTTIAETLTITEEFFPD,0
AKLDFDRSKEHVNVGTIGVH,0
NVPIYQEPRF,1
RDVAVGSFLPPS,0
FGFLPIYRRPAS,0
MRRVKLLCTALMLLASHGALAVSYPLPPEGSRLVG,0
APQGNFLRF,1
FLPILASLAATLGPKLLCLITKKC,0
AFANTGVEIVSIDTYLFSLYDEDK,0
KGAAKGLLEVASCKLSKSC,0
MANTGGRIPLWLVATVAGLAAIGVLGIFFYGGYSGLGSSI,0
ACNTATCVTHRLADFLSRSGGMAKNNFVPTNVGSAF,1
SGPYSFGL,1
LNLGVGAYREYLPIEGLAAFNKVATVQGLSGTGSLRQALYDSISSK,0
APMSFVGMR,1
LPSIGHYY,1
APNGFLGMR,1
ALPKKLKYLNLFNDGFNYMGVV,0
ASPSAPFIRF,1
ASGQDFMRF,1
FLPAIAGILSQLF,0
MLVGMTEMVN,0
KRTKAPFSRVVKFSIDEIRN,0
SGTGLSATLPQRF,1
ALVPLRLLLDHAAENG,0
RPPGFDPFR,0
AAALSQAADNLR,0
MNGATSLYDEVIIINKIPPKKIDTKGVATEEVATKKVLLNKLLTTQLLNEPE,0
DPWDWV,0
MQIVEAIYEDGVLKLLKNLKLKEHSKVIIKVIDEEEIEKILDSRDY,0
TLSMLRL,1
SVAVAGAVIEGATLTFNVLQ,0
QFRPSYQIPP,0
GSSGLISFPRT,1
ISALFDEYEPLNDAD,0
DEPDGVPTTQKQ,0
EGDFTPRL,1
ESDDYGHMRF,1
SGELEQEEERLSKEWEDS,1
RNKFEFIRF,1
AWKLFDDGV,0
APPAALVTNGHNLGLLDIYDIQDRPTDI,1
GFCCPSGWSSYDR,0
SYGWAEGDTTDNEYLRF,1
KSTDFDYNNKKANYD,0
SNTALRRYNQWATGHFM,0
PDMYAFGL,1
ELTFTSSWG,1
MKVRPSVKKICDKCKVVRRRGVVRIICENPRHKQRQGN,0
RLSEDMPATPADQEMYQPDPEEMESRTRYFSPRL,1
MREIEHIPPP,0
YKSDSFYGLM,1
SVESSNHLPARERKAGCKNFYWKGFTSC,1
SAPQDFVRS,1
ELTFTPNWGS,1
RICTAIPLPMCL,0
EPRTPWDWV,0
GHDFEVFLRF,1
ANSKVAFSAVRSTN,1
NDNADYPLRLNLDYLPVDNPAFHSQENTDDFLEE,1
ILGLLKGISALLS,0
MELTTTQIFVELILSLIPATLAFNLGKELTK,0
VNQSETPVKHIGKVF,0
EHWSYGLQPG,1
QAPRFF,1
SYIPRPNFSCFSLVFPVGQRFAAARTRFGPTLVASWPLCNDSETKVLTKWPSCSLI,1
GPAAVVRLLGK,0
GSTSECFWKYCV,0
MDIQVIKQAVREVLREELPSILKEVILSTIPPDEPEADEKQFVDEEINEDDYVKFDE,0
SVENSRPTGQQLESLDLSAPWEQSLPCTERKPSATARLSRRGASLSSPAESSGSPQRRGLSAPSSRQIPAPQGAVLVQREKDLPNYNW,1
GVVDSAIDAETR,0
KTLCSMEEAINERIQEVAGSLIFRAISSIGLECQSVTSRGDLATCPRGFAVTGCTCGSACGSWDVRAETTCHCQCAGMDWTGARCCRVQP,1
NNFSDCFWKYCV,1
INWKKIKSLIKAAMS,0
MGGKWSKRSVVGWPAVR,0
MDSNFIRF,1
GEPEVAKWAEGLREKAASN,0
SYSMEHFRWGKPVGRKRRPIKVYTNGVEEESTETLPAEM,1
FRLDEEFQGPIASQVRRQFLFRPRN,1
AMVRF,1
FIYHSYK,0
MGKGDRRTRRGKIWRGTYGKYRPRKKK,0
VYINKLTPPCGTMYYACEAV,0
TNSKEGEFIAEGGGVR,0
DCCIIAGCPFGCTICC,0
DGYRPLQF,1
SLGSGGSL,0
MTRVQFKHHHHPD,0
APTDMYSFGL,1
QVNFTPGW,1
VDTSRLFLTVVNNPPTVV,0
RPGPPGLQGRLQRLLQASGNHAAGILTM,1
QWLKGRF,1
QPSACNINDRPHRRGVCGSALADLVDPACSSSNGPA,1
VISIIPV,0
VAAGGWRPIESLNSAEVQDV,0
TETTEGDFIAEGGGVR,0
TYKKPPFNGSIF,1
FKGLSHFGEN,1
ASGPGPSHKIKDRDYLGWMDF,1
QPNPDEFVGLM,1
SMSMLRL,1
QIFDPSCKGLYDRGLFSDLEHVCKDCYNLYRNPQVTSACRVNCYSNRVFRQCMEDLLLMEDFDKYARAIQTV,1
GWRDWLNKGKEWLKKKGPGMVKAALAAATQ,0
MHIVVCIKQVPDSAQIRV,0
QDLDIGMW,1
SIGFDGLNDPDIVAR,0
QGRHPPIPPAP,0
MTKDEPLEGNVGVLT,0
KMLGVVAKKPMSDYE,0
NYAKSHFRSTALGRRTNGSVGSS,1
FLGALLKIGAKLLPSVVGLFKKKQQ,0
MTTPNPNKQGAELSRTGLYWGLLLIFVLAVLFSSYFFN,0
TGWSVFQGSW,1
GWNQLQGVW,1
GQPGYGNAFL,1
HDVYGGDYRITGDDGHS,0
ADDSDPVGGEFLAEGGGVR,0
RVVSGSKGSAALALCRQFEQLSAS,1
SGLLINQPKYSWLKELGL,0
DSPKNLMRF,1
GFGMALKLLKKVL,0
GLTDQKSAPPGL,0
FGMIPSII,1
GGPQGPLRFG,1
EKDCYHERDC,0
AYELPELPYAYDA,0
ALNSVAYERSVMQDYE,1
EVNFSPYW,1
MESIAYVLIFACLIGLFFFAIFFREPPRITKK,0
ASDRSNATLLDGPSGALLLRLVQLAAAPEPAEPAQPGVY,1
GKTDNFIRF,1
NPASGFFGMR,1
KPKTEKK,1
AGWSSMRGAW,1
PNIQTKIIEQIWKEHIFQGTVVK,0
SYWKQCAFNAVSCF,1
GFRGDAASRVAHGF,1
TKAQGDFNEF,1
MAKEKIRIRLKAYDHR,0
GGRSPSLRLRF,1
HADGSFSDEMNTILDSLATRDFINWLIQTKITD,1
SMDDLDDPRLMTMSFG,1
SPPEAAYGPGNTNSDSGDK,0
MKKKIHPAYSQIIATCSCGNIIEIFSTVNVNLNLDICAKCHPFYTGKQRIIDTGGRVERFKKRFKLIKKDTV,0
GSSGMIPFPRV,1
YGGFL,1
GFLDIVLHVGLAAGKAALNAVNEAVNQ,0
GSSGLIPFPRV,1
SIKPFSNLPLRF,1
SFSESLAAAR,0
EPFDDYGHMRFG,1
FVPIFTYGELQRMQEKERNKGQKKSLSVWQRSGEEGPVDPAEPIREEENEMIKLTAPLEIGMRMNSRQLEKYPATLEGLLSEMLPQHAAK,1
VKKVAIIGAGVSGLASIRS,0
GGPYSYGL,1
TDDKKLKACGRDYVRLQIEVCGSIWWGRKAGQLRE,1
MVINNNISAINAQRTLKFRQVDLKK,0
STLFRF,1
QDVRQQLRMFDDLVQLRKLIETPSVYPSEEDEARLYD,1
MIGIADVKLLNLGMLFPFVEVES,0
MAKSVREKIKLVSSAGTGHFYTTSKNKRTQTTKLEFKKYDPVVRQHVIYKEAKIK,0
IICAPEGGPCVAGIGCCAGLRCSGAKLGLAGSCQ,0
GWTLNSAGYLLGPHGIDGHRTLSDKHGLA,1
AVNPFLDSIG,1
THPFLRF,1
SPGMLGLF,1
MLADVFEKIMGD,0
TAANVKIFNTEEVQNFINLL,0
SVPGVLRFG,1
GGGGSSGLFAFPRV,1
GSVAFPAENGVQNTESTQE,1
SDPFFRF,1
AHQLPMGTLCNFYEWYRRDD,0
MYVLQEINPGITS,0
MDTVSIAWAALMVIFTFSISLVVWGRNGL,0
EHWSHGLNPG,1
ARGPQLRLRF,1
QCWDSSHCKDLPSEDKILECIHLFRSGLQDESPEPRSAAQQSTEESLSLGILLAALTSGERALDADPEPHSD,1
DPLTNIM,1
DPSFNSWG,1
AHRFAAEDFGALDTA,1
WIGRW,0
SGQYSFGL,1
GGGGEGEQFDDYGHMRF,1
HSEGTFSNDYSKYLETRRAQDFVEWLMNS,1
NWTPQAMLYLKGAQ,1
WTFGQGTKVEIK,0
GRGGSSNYVRL,1
SADDSAPFGTMRF,1
GAMPFSGGMYG,1
RPEEIGAGDQGHMFG,0
GILSSIKGVAKGVAKNVAAQLLDTLKCKITGC,0
SGSNLTTV,0
SWKPRSQQPDAPLGTGANRDLELPWLEQQGPASHHRRQLGPQGPPHLVADPSKKQGPWLEEEEEAYGWMDF,1
SLALADDAAFRERARLLAALERRRWLDSYMQKLLLLDAP,1
EHSHGWYPG,1
LYLKQADFDDPRMFTSSFG,1
MVRNKAKGFPNQNNNKFEGEPRAKDDYASKRADGSINSHPQERMRASGRR,0
DLYGNIVLSGGSTMF,0
MKLAILGAGCYRTDAASGI,0
AYGTAETLCGGELVDTLQFVCGDRGFYFSRPVGRNNRRINRGIVEECCFRSCDLALLETYCAKSVKSE,1
FSEFLKQYLGMSPR,1
DPHHDFMRF,1
YAEAAGEQVPEYQALVRDYPQLLDSGMKRQDVVHSFLRF,1
VVSLSIPR,0
VKMELDGGVASNSR,0
FPLPCAYKGTYC,0
QKKDKKDRFYGLF,0
HSQGTFTNDYSKYLDTRRAQDFVQWLMSTKRSGGIT,1
MVPYRNPRHQHVASVLRSGG,0
MLVITRKKGESLLIGDDIEITVVKLDDGSVKLAIDAPKNLTILRKELYNEVQEENKKATNFNPSILKNIKSK,0
NVASLARTYTLPQNA,1
SIVLRGKAPFR,0
TPPQPSDNFIRF,1
FSEEEKEPE,1
MLFLLKSRKEGKEKVSIYSVYCFFLRKENGKDE,0
MTDTPLSAAEF,0
QHWSYGLRPGGKRNAERLGDSFQEMDKEVDQLAEPQHLECTVHWPRSPLRDLRGVLESLIEEE,1
MTLDVFTKVVSQADSRG,0
ECSQDCAKCSYRLVRPGDINFLACTLECEGQLPSFKIWETCKDLLQVSRPEFPWDNIDMYKDSSKQDESHLLA,1
YRQSMNQGSRSNGCRFGTCTFQKLAHQIYQLTDKDKDGMAPRNKISPQGY,1
LRPAILVRVKGKGL,0
MIKSDQET,0
ELNFSPNWGN,1
TQSTGTSQTIAVGLWGGPDN,0
NLYQFGNMIQCTIPGSNPLL,0
ALMGFQGVR,1
NEEEKVKWEPDVP,0
CCAPSACRLGCRPCCR,0
PKVSPRWPPIPP,0
SRHPKLYFPGIV,1
LGSPFGGFDTLGSNR,0
MKHIQIRNSDMDWHIAANNLG,0
ELNFQHAFV,1
QPVPPAEPAGSGLQRAEEAPRRQLRAVQRTDGESRAHLGALLARYIQQARKAPSGRMSIIKNLQNLDPSHRISDRDYMGWMDFGRRSAEEYEYPS,1
RDVDVGSFLPKSPSDPSMVL,0
MFTITSYFGFLLAALTITSAIFIGLNKIRLI,0
KLPYSFGL,1
IIGHLIKTALGMLGL,0
FLGKKVLKAVGKQAAKKQME,0
DVAHGILDKAYRKVLDQLSARRYLQTLMAKGLGGTPGGGADDDSEPLS,1
YSGFLT,1
GLFDIVKKVVGTIAGL,0
TPPAGPDVGPR,0
MKVRASVKKLCRNCKIVKRNGVVRVICSAEPKHKQRQG,0
GLLDGLLGGLGL,0
GGNAKSYPQQIPYSFGL,1
MSKKTFQPSNVKRKRTHGFLERMSTRAGREIVRRRRARGRKRLSV,0
AADIFAKFKTSMEVK,0
CYIQNCPRGG,1
DAQEKRQPWLPFG,0
SVVPSPKVSDTVVEPYNA,1
LKSELKEDKE,0
MAVKAISGCDKDQELI,0
VNLDPNSFRMSF,1
GGSLDALRSGHQVPMLRA,1
TPSQDFMRF,1
FSQAQG,1
EGGGNRGDPSGVC,0
LNLKGLIKKVASLLN,0
TKQTLKVLITGAAGQIGYSL,0
MAKVRHGCRTERIELIIKINHLKRENLKLRNKIADYKRTLYLIRGKGCKLTEELLKIEIENCIKMIKFNEETIRDLKEKVEMIPNEQL,0
WREMSVW,1
DGAETPGAAASLWFGPRV,1
MRMSFYQFLMTQRNPNSADEVQQFANNAFFDTTFPKHSEDFDEISHYLEENADYLPSMTIFDEAWQRYIDAMN,0
AVLDLDVRTCLPCGPGGKGRCFGPSICCGDELGCFVGTAEALRCREENYLPSPCQSGQKPCGSGGRCAAAGICCSPDGCHADPACDPEAAFSQH,1
WKPFKKIEKAVRRVRDGVAKAGPAVAVVGQAT,0
ASGSSDFMRF,1
MNIDIVSMAWAALMVVFTFSLSLVIWGRSGL,0
TCKQKGEGCSLDVECCSSSCKPGGPLFDFDC,0
GFLDKVIKVCGRDLVRIKIDICGKILLGDMTTG,1
GCCSDPRCKHQC,0
YKDQGLEILAFPCNQFG,0
LPPWIG,0
SGHTKIKVAVDT,0
TWEECCKNPGCRNNHVDRCRGQV,0
MKCSLRLFEKAGRLSVRSQTVQTFQQRIVLANGASYLVNTTLPKPYILSIKDITNMPLNNPKVNALSSIRGQESRRSKFEERYEGL,0
STDWSSLRSAW,1
TGVAWRIT,0
SHYAEGPGKN,0
HSDGMFTSELSRLQDSARLQRLLQGLV,1
FYANRY,1
EDPVRFNLG,0
GMDRFSFSGHL,1
GYPRKTVDVFTFTN,0
NIATMARLQSAPSTHRDP,1
MVCIPCIVIPVLLWIFKKFLEPYIYPVVSRIWPKKAVQQSGDKNMSKVDCKGAGTNGLPTKGPTEVSDKKKD,0
AAAPF,0
SFRNGV,1
MKTLLLTLVLVTIVCLDLGYTLTCLICPKKYCNQVHTCRNGENLCIKTFYEGNLLGKQFKRGCAATCPEARPREIVECCSRDKCNH,0
IVRRACCSDRRCRWRCG,0
CCPPVIWCC,0
SKPANFIRF,1
KPRPGQFFGLM,1
GYSSASKIIFGSGTRLSIRP,0
NWGQFHGGW,1
ERPYSGL,1
TIMSHNVP,0
YPPKPENPGEDASPEEMTKYLTALRHYINLVTRQRY,1
EDKYTDKYDNINLDE,0
SGWNKMQGVW,1
SAGATANLPLRS,1
GADPGCQDVVTPVQ,0
VPIDVDKTKVHNTEPVENARIEPPDTGLYYDEYLKQVIEVLETDPHFREKLQKADIEEIRSGRLSQELDLVSHKVRTRLDEL,1
MTPHDEEVDSSD,0
RLRFD,1
VPNDWAHFRGSW,1
NPQQDFMRF,1
STRTPEFLGLDNQCGVWA,0
KYPLEKFQNIG,0
APYQKRNI,0
MLRQILSQAKKHPSLIPLFVFIGTGASGATLYLLRLALFNPDVCWDRNNPEPWNKLGPNDQYKFYSVNVDYSKLKKERPDF,0
DEPDGVPTHQKQ,0
MINGWTGNILRINLTTGAIS,0
MPKRKSPENTEGKDGTKLTKQEPTRRSARLSAKPVPPKPESKPRKTSAKKEPGTKISRGAKGKKEEKQEAGEEGTAPSANGDTKVEEAQRTESIEKEGE,0
GCIPKHKRCTWSGPKCCNNISCHCNISGTLCKCRPGLFGW,0
SFGGNPTGDPNLNIYSFGL,1
KPNAYKGKLPIGLW,1
ALDDLEGVGFGGML,1
SLQDNFMHF,1
QTPQWATGHFM,0
SENPSNSRNFIRL,1
MLITLGWASLAALFSFSIAMVVWGRNGDGSMNF,0
MNIELIVQLTSLALITLAGPLIVALLFLKQGNL,0
GSNWSNLRGAW,1
MKITPLGDNVVIKKLLATA,0
RTCIPIPPVCF,0
QLVSFRPRL,1
MANGTILAHSLRHHTPPFPRMPLGYSSSRAVRRSRWFLVLISCCCCCFRRC,0
NVGTLARDFQLPIPN,1
GLLDTIKGVAKTVAASMLDKLKCKISGC,0
MLDTKFDELMEFPASFPFKIVGDASDTLADRVVAVAQSLAPGDYAPTTKASSKGTYNSVTIRITVTSKEHIEKLYTQLAAIEGVKRVL,0
CHYIFNTC,0
PAFYSQRY,1
GSSGLIAMPRV,1
HPIQNLFQPSLVLDM,0
ADLGFTHSFV,1
SCSCKRNFLCC,0
PYLLNLPPEK,0
VPLPAGGGTVLTKMYPRGNHWAVGHLM,1
SGSKTAEIDDGCFGLPLDPIGSTSGMGCRSVPKPIPGGS,0
SGFYANRY,1
LGYITCPGSNLGTLR,0
KVVHLRPRSSFSSEDEYQIYLRNVSKYIQLYGRPRF,1
MSLRKSKYEVLERLEVGLRIVSLALVVAKTLVELVDTTLI,0
MADENTPVMPEEVPAVEGVGM,0
GFIGWGNNIFGHYSGDF,0
MSTIISYFGFLLASIIFTLILFISLSKIQLI,0
SSADTLISDLLIGETESHPQTRYEDQLVW,1
AINPFLDSMG,1
MFTYHSANTSAAQPALVNAIEQGLRAELGVVTEDDILMELTKWVEASDNDILSDIYQQTINYVVSGQHPTL,0
TTVFLADIKSNCPSRVSFQVAALPGARVEIEAIAIQGPI,0
MKKRLTITLSESVLENLEKMAREMGLSKSAMISVALENYKKGQEK,0
FVPIFTYSELQRMQEKERNRGQKKSLGLQQRSEEVGSLDPTEAAEEEGKEVIKLTAPVEIGMRMNSRQLEKYRAALEGLLSEVLLSTQNAAK,1
YKVNEYQGPVAPSGGFFLFRPRN,1
SCLEYGHSCWGAH,1
HADGTYTSDVSSYLQDQAAKDFVSWLKAGRG,1
FGVLNFF,0
QWGQHPNIPP,0
AVKSSSYEKYPFDLSKEDGAQPYFMTPRLRFYPI,1
ELTFTPAW,1
SLEDIEHEVEELLR,0
GLQMLRL,1
RRINNDCQNFIGNRAMYE,1
GSVFNCGETCVLGTCYTPGCTCNTYRVCTKD,0
NAPPNLTLR,0
DAEEDDSLANSSDLLKELLETGDNRERSHHQDGSDNEEEVS,1
QSRPSIVCECCFNQCTVQELLAYC,1
GGKQDNFIRF,1
ELAGERPEPALGPEGAAEGMAALADLEYGLVAKAEVAEKKDDGPYKMEHFRWGSPGKDKRYGGFMTSEKSQTPLVTLFKNAIIKNAHKKGQ,1
MAVPKKKTSKAKRDQRRAHWRRQASSQAQKALSLGKSILSGRSTFLYPPAEEEGEEE,0
WKQMSVW,1
SRLPPATRDKLADEITFFPA,0
LPEQDFMRF,1
KHKNYLRF,1
EDLPEK,0
RDWRREQERRQERR,0
AGVPFNTKTPYGPT,0
GSSGMISFPRT,1
MPNWLKKQMQKAFLEKDNYQIKLLNQCWYFYRKKHCS,0
ARPPGFSPFRIV,0
YQCGQGG,0
FVKQHLCGPHLVEALYLVCGERGFFYTPKS,1
IAYKPE,1
KPPSSSEFVGLM,1
GGCDGDRQDM,0
AQGDNPDKDTDGN,0
ETSFTPRL,1
MDWTKMTFMGTVDEVKEIWNGLEEAGRLYAVWLSDDHVYGIVDVNEEGLFCLGWVSDISPESLQNMLGGGAELFESYEDVLSEHGGSIAIRVEV,0
SSGVSLLTSNKDEEQRELLKAISNLLD,1
DAQEKRQPWIPFV,0
IPEPYVWD,1
GNLVRKSVEHLTQE,0
GLGDILGLLGL,0
GNRPVYIPPPRPPHPRL,0
GNTKKAVPGFYGTR,1
LLGMIPVAITAISALSKL,0
SFLADHAIFKCTNIGSSLKFCLLAEGKADVYPRFTRTMEWDTAAGDAVLRAAGGSTVTLDGTPLTYGKTGTAADFDFANPNFISWGGRKRVLEPA,0
QSTNDFIKACGRELVRLWVEICGSVSWGRTAL,1
GPESAFLRL,1
NPYAFGL,1
MRFLFFLPPSFITSFLYLALYSFPVPYCII,0
QTFQYSRGWTNGKRDGHKRDELRDEVLERILTPCQLDKLKYVLEGKPLNDRLFVPCDYIEEEVNQPKRYKGERNHELFDVFQ,1
CSKGGVGRGYGIG,0
GVACGESCVYLPCFTVGCTCTSSQCFKN,0
MSKLGVLLTICLLLFPLTALPMDGDEPADRPAERMQDNISSEQHPLFEERHGCCKGPEGCSSRECRPQHCCGRR,0
TTRPQPFNFGL,1
MAKLSKIAQAKRKPKFSVRQYNRCPLCGRPRAFLRKFKMCRICLRNRALRGEVTGVTKSSW,0
QLHVPSIL,1
QVFDQACKGIYDRAIFKKLDRVCEDCYNLYRKPYVATTCRQNCYANSVFRQCLDDLLLIDVLDEYISGVQTV,1
NNANVFYPWG,1
SDTTAGSYAEALAELLTIDPSLIVTTVDTQLAVAG,0
AWNKINGGW,1
KKWGWLAWVDPAYEFIKGFGKGAIKEGNKDKWKNI,0
GNWCCSARVCC,0
EDVEHVFLRF,1
DQGFNSWG,1
PHAQLLRVGCVLGTCQVQNLSHRLWQLVRPAGRRDSAPVDPSSPHSY,1
QDKPFWPPPIYPM,0
MARKQKTLLCRNCRETKIAVDRVCPTCGCRLVPPY,0
FIGGIISFIKKLF,0
MDMRLLIVLLPVLAAASWAGFNIARIALRQLSRLGSR,0
GLLPCAESCVYIPCLTTVIGCSCKSKVCYKN,0
LKCHKLVPPFWKTCPEGKNLCYKMYMVATPMLPVKRGCINVCPKDSALVKYMCCNTNKCN,0
YYEEYVDGQGMVVR,0
YLKGCWTKSYPPKPCFSR,0
QLAFRPML,1
SLNMSRL,1
NNPNVFYPWG,1
VNDGYLDNGLQEGDFE,0
NIPQLTPTP,0
GDFENFFLKQSKSVPRI,1
DSGEASGDLEE,1
RDEEVTQREE,1
VDKPDYRPRPWPRPNM,0
TMNFSPRL,1
MPDPAKTAPKKKSKKAVT,0
ETDLLLDDSLVSLFGNRR,0
QNPNRFIGLM,1
EQPGGDKVNLGYFTN,0
GLMSVLGHAVGNVLGGLFKS,0
SPEFTV,0
QNQPPDFANPFIIPQNAA,0
IYGGDPQELSLLIKPYARRIEISGETLFCYTPDPEQVRAQLRGHRGLRLLERPPNLEDVFLRLTGREMGKYQ,0
GGAGEPLAFSPDMLSLRFG,1
LLSTLTDTSIKEAVATDKAP,0
GPFLRF,1
KCNTATCATQRLANFLIRSSNNLGAILSPTNVGSNTY,1
FIGGIISFFKRLF,0
YGGSQGNLIFGKGTKLSVKP,0
TSTVFSDGQR,0
VLSMDGYQNILDKKDELLGEWE,1
GGPAGKQNAVNQLLVLIYDPKSYKD,0
LPMYNFGL,1
AGEPANNEDRFNY,0
QAPRFI,1
LVTLVFV,0
GSYRMMRL,1
WSKMDQLAKELTAE,1
SCSCQKHFSCCD,0
SFDRMGGTEFGLM,1
MANTQNISIWWWAR,0
EAAGLIPFPRVG,1
DVRAPALRLRF,1
MFSKLAQSSIKAMF,0
MLRNRARRLDYKIMR,0
EASAFGDIIGELKGKGLGGRMRF,1
GSPGFSHSFV,1
ITFSKIYRSCKSNSVCGNQKCVRGRCV,0
MIFTKINVIFIKNPNRKKKKCKIVNVNITMGF,0
TVIDVKCTSPKQCLPPCAKQ,0
RSAEGLGRMGRLL,1
HAEGTYTNDVTEYLEEKAAKEFIEWLIKGKP,1
FPPKPDNPGDNASPEQMARYKAAVRHYINLITRQRY,1
SDNNQQGKSAQQGGY,0
IIEKLVNTALGLLSGL,0
QDIDHVFMRF,1
ALVSADGDSWFAR,0
TEGPGMWFGPRL,1
RRPYIL,1
MLDPTGTYRRPRDTQDSRQKRRQDCLDPTGQY,0
SPRNFLRF,1
CCELPCHGCVPCCWP,0
ILNRCCNDDN,0
ESGINLQGDATLANN,0
APVPGLSPFRVV,0
CYFNNCPVG,0
YGGFLRKYPK,1
EVNFSPGWGT,1
GADFYSWG,1
APLEGFEDMSGFLRTIDGIQKPRF,1
GLLDIVKKVVGAFGSL,0
MWTKPSFTDLRLGFEVTLYFANR,0
EDRTY,0
CFVRNCPTG,0
VPPKGVSM,0
VQGMVYCDTCRSANALGFMR,0
DQPGDVKTHKQYDVNYLFFKI,0
VYGMLFKFLAKKVAKKLISHVAKKQLQ,0
ISGKPARTPT,0
EVNFSTGW,1
PVVDTTGNNPLQQQEEYYV,0
MLSKGVLSARLFNLIYG,0
AIVGRPRF,0
QLNFTPNWGTGKRDAADFADPYSFLYRLIQAEARKMSGCSN,1
SADIVKKLWDNPAL,0
MTDIVVVRVKPGSRKGPLVETGSDAELTIYVRERAVDGKANEAAARLLAAHLQLPRSRVELVAGATSRLKRFRVER,0
FMGLSHFDEN,1
SHAKVETDEE,0
APVHRGRGGWTLNSAGYLLGPVLHPPSRAEGGGKGKTALGILDLWKAIDGLPYPQSQLAS,1
GLGPRPLRF,1
MFDKTRLPYVALDVL,0
FITVH,0
LRVAPEEHPVLL,1
CSNLSTCVLSAYWKDLNNYHRYSGMGFGPETP,1
DAEEDDGLGNSSNLLKELLGAGDQREGSLHQEGSDAEDVS,1
SEGGQDFWL,0
KLQLPTLDDPVPIGIAPAIT,0
METVLSAPEVFIALVVAAHAAVLALRLSISLYEA,0
YLFADVSTIGDFFHSI,1
NPVVRITNGAIRGQN,0
RCCGYKMCHPC,0
GVGSFIHKVVSAIKNVA,0
MTQVTVGENEGIESALRRFKRQVSKSGIFADLKRLRHHETPIEKYKRKLQQRRKARRR,0
CFITNCPPG,1
YAEGTFISDYSIAMDKIRQQDFVNWLLAQKGKKNDWKHNLTQ,1
FKCMSEWYW,0
MEYRKRVDALVFFSLLLLGYFAAHAHGKAKEGIMQGNGARCVVGFPPCKDNKCYCCIGGRTHARYSTMAECSHACF,0
APQAGFYGVR,1
DGPYSFGL,1
VTVGHVF,0
GFGCYRSCWKAGHDEETCKKECS,0
TSMGFQGVR,1
GAAPKFF,1
SDPHLSILSKPMSAIPSYKFDD,1
CIIRNCPRG,1
INWLKLGKMVIDAL,0
FVNQHLCGSHLVEALYILVCGERGFFYTPMS,1
MDGLKSFLSTAPVMIMALLTFTAGILIEFNRFYPDLLFHP,0
LVDERMSTEGTGLSLGLSNN,0
QESGEVIIEIPR,0
ALPFSSWG,1
SDEEVQVPGGVISNGYFLFRPRN,1
SLKPAANLPLRF,1
RLRFH,1
SSGGGEGSGMWFGPRL,1
AYNRSFLRF,1
IVPFLGPLLGLLT,0
WCASGCRKKRHGGCSC,0
KNWAVLVAGSNGWPNYRHHA,0
NAELINSLLGVPRVMSDA,1
SSPETLISDLLMRESTGNIPRTRLEDPSMW,1
HQKYNPFRFVELVLVVDKAM,0
YAIAGRPRF,1
VAAIQTVLG,0
MDIVSLGWAFLMVVFSFSLSLVVWGRNGL,0
DARTAPLRLRF,1
GIIDIAKKLVGGIRNVLGI,0
SKCRIGKDGFYSVTCTEKENLCFTQF,0
GSPHFI,1
YGGFMKSWEEDRQKPLVTLFKNIINKDEQQ,1
EAFPGQST,0
PAQPFRFPKHPQGPQTRPPI,0
LPDSSFLRL,1
MLGFLPLP,0
SVINTQIKPFKTQAFKNGKFIEVTE,0
EHWSYGWLPG,1
FLWGALIKGAGKLISRVVGSLKKKKQ,0
KTCENLADTY,0
GVDSSFVRL,1
DNPSSTPPLR,0
QERRAMGFVGMR,1
AVHYSGGQPLGSKRPNDMLSQRYHFGL,1
DDNGKPYVLPSVRTCGFDFTGAVEDISK,0
GLSRSCFGVKLDRIGSMSGLGC,1
TLQPPASSRRRHFHHALPPARHHPDLEAQARRAQEEADAEERRLQEQEELENYIEHVLLHRP,1
MTTITLKLNEPIDVALRRFRRDIEKTGLIRELRARTGYEKPTTERKRKKASAVARQRLQAKRLLPPRKMY,0
ADEFPDFYDSEEQMGPHQEANDEKARADQRVLTAEEKKELENLAAMDLELQKIAEKFSQRG,1
SALNKNFIRF,1
RYCPSGCRKKPYGGGCSC,0
FVQWFSKFLGRIL,0
SKTPIRVAVTGAAGNIGYHLLFRIA,0
CEHSHDGA,0
DDEPRSYFV,1
GSSGIIPFPRV,1
AMPMLRL,0
ESLRW,1
AYTYVSEYKRLPVYNFGL,1
FYAGLILTLVNTFPYNISPASS,0
TATTRRRGRPPGFSPFR,0
DPPFSPRL,1
RVPWTPSPRL,1
EHWSHGLSPG,1
LNLTKWLGKLGVILSHLNK,0
MFEQTLTSDALVTTTHNHAAEPTQRPLRDSVQQALRNYLAQLNGQEVIDLYDMVLSEVEAPMLDVIMQYTRGNQTRAAVMMGINRGTLRKKLKRYGMN,0
SGDWSSLRGAW,1
HADGSFSDEMNTVLDNLATRDFINWLLHTKITDSL,1
ALFLDPPPNLWAEAQSLLEPWANVTLTSQSRLPVLNFQGL,0
SDMYSFGL,1
SSKPYAFGL,1
DNFLRF,1
YPNFQGLF,1
SGPAGVL,1
EVPNFQADNVPEAGGRV,1
DVGPSTLANN,0
SNQPQHFGDGTRLSIL,0
QHWSHGWFPG,1
MIGINVAIFTNVQRRTVS,0
NIASLARKYELP,1
MEHSHWFRKMSSLHQEFVCFLFWPLT,0
NRSNLRF,1
AAAPDIPIANVNA,0
ITKDFDALMKYIKRI,0
MRNYSFGL,1
DWPEPPSQEQQQRFISRFLPHVFAELSDRKGFVQGNGAVEALHDHFYPDWMDF,1
GVTFHDDDLIPF,0
ADGSDPAGGEFLEAGGGVR,0
EFFPL,1
MNAAIFRFFFYFST,0
LFSLVLAG,0
EQWGREEGEE,1
GTTGT,0
CCGVPNAACPPCVCNKTCG,0
AGPVSKLVSGIGL,0
MQMQEKGWKIIIEEQ,0
MSATDFDSLYQLIFNAGLVICFGLGVISGGQR,0
DGVTDPLEVNVVK,0
TSRSYSINPYSFGL,1
FMGGLIKAATKIVPAAYCAITKKC,0
NNAEVVNHILKNFGALDRLGDVG,1
DDDGQSESQAVNGKTGASEAVPSEGKGELEHSQQEEDGEEAMAGPPQGLFPG,1
ALDSLGGFQVHGW,1
NPMYNVVSNADLVDFKNLLDHLEEKMPLED,1
DASNAQKQHDVNFLL,0
GDPFLRF,1
MIEPLVLGIVLGLIPITLAGLFVAAYLQYKRGNQFGLD,0
MKVTFQGNEVTLQGKEVKVG,0
QLWATGHFM,0
ARYGKSPYLYPLGY,0
MKEIDIDTLISKIPNKYILTVVISRRARQLFEELKILKTVARDPLILAMEEVAQDKITYGEGSDSED,0
KRKCGLCKYRCCSGG,0
GLHMLRL,1
MLCLPVFIILLLLASPAASNPLEKRIQSDLIRAALEDADTKNDPRLLGLVTGACCAVLKFSFCCGKK,0
MDPEPTPLPRWRIFLFR,0
GDFAFNPRL,1
SGNTADLYDRRIMAF,1
GICPRILMECKRDSDCLAQCVCKRQGYCG,0
MAVKTGIAIGLNKGKKVTQMTPAPKISYKKGAASNRTKFVRSLVREIAGLSPYERRLIDLIRNSGEKRARKVAKKRLGSFTRAKAKVEEMNNIIAASRRH,0
GSTGLISFGRT,1
GPSSSAFFGMR,1
DDTNKFLRLS,1
MLSPSQSLQYQKESVERALTCANCGQKLHVLEVHVCEYCCAELMSDPNSSMYEEEDDE,0
APERNFLRF,1
MVSQNPNRQKVELNRTSLFWGLLLIFVLAILFSSYIFN,0
AMMGGFQGMR,1
RPESALLGGSEAGERLLQQGLAQVEA,1
DETIEIIVENKVKELLANPANYPSTVTKTLSCTSVKTMNRWASCPAGMTATGCACGFACGSWEIQSGDTCNCLCLLVDWTTARCCQLS,1
GFPTCGETCTLGTCNTPGCTCSWPICTRN,0
IEMAEGGNDNIGNESIK,0
QEGAPPQQSARRDRMPCRNFFWKTFSSCK,1
APSMGFQGMR,1
ASGDPNFLRF,1
SDYIRYSDRCCNVGCTRKELADLC,1
QLDPMLFSGRL,1
ASKQANLMRF,1
STRAMAHLPLRL,1
APVTAGRAGALAKMYTRGNHWAVGHLM,1
CTCFTYKDKECVYYCHLDIIW,1
LLTSL,1
SSPEALMMTDLMLRENAESFPKYRYDEPFMW,1
MDYLITFYHSPQTNS,0
QWPDPSSDIPP,0
QIPMLRL,1
GWTNLSAGYLLGPHAVDNHRSLNDKHGLA,1
APVMGFQGMR,1
SGPYAFGL,1
MQIKREAVCGTLQSNDCLVRIVPSEKLELDLKSSVLNEFGAQIKKTVQEVLDEFEVKNAKLFIEDKGALDCTIKARVETALRRANEK,0
MKRTYQPSVTRRKRTHGFRVRMKTAGGRKVINARRAKGRKRLAI,0
AASGASIFSAKCAQCHLGGKNIINPTKTLSLADLQANGKDTVSAI,0
MGIFNGIIEFLSNINFEVIAQLTMIAMIGIAGPMIIFLLAVRRGNL,0
GMMGPSII,1
DVVSPPVCGN,0
MSQVEFEMACASLKQLKGPVSDQEKLLVYSFYKQATQGDCNIPVPPATDVRAKAKYEAWMVNKGMSKMDAMRIYIAKVEELKKKEPC,1
HTEESGEKHNAFSN,1
YPQEHRFSFGL,1
LNLKGLFKKVASLLT,0
SQEPPISLDLTFHLLREVLEMTKADQLAQQAHNNRKLLDIA,1
GIFTFEDESTTTVAPAKLYK,0
DSDSAHLIG,0
MEYSYPFSTDWSTEEIVDVVQFFEGIEQAHEKGIKREVMMAKYRRFKEIVPSQAEEKTIFREFEEASGYISYPVVKQTKEAADGTIIKIVPKKNR,0
FSGSVNQACSGFGWK,0
HSDAVFTDNYSRYRKQMAAKKYLNSVLA,1
VPSFGHSFV,1
QPEESVFFA,0
VAPFPHGKLVTYKYIADVKAGVDPSLV,0
QHWSYGLRPGGKRNAKNVIDSFQEIAKEVDQPVEPKCCGCIVHQSHSPLRDLKAALESLIE,1
DECCAIPFCAKIFPGRCP,0
VTLSLDVPTNIMNILFNIAKAKNLRAKAAANAHLMAQI,1
GIGSALANAAKLVAGIV,0
MSVSCWEFNAG,0
WYGHGDFDEIDNVGWPGFT,1
QAEQLPPEGSYAGSDELEGMA,1
GIVEECCKGVCSMYQLENYCN,1
ANDPDFPYTVQANRP,0
DVSTSQAVLPDDFPRYPVGKFFQYDTWRQSAGRL,1
CSGLSTCALMKLSQDLHRFNSYPRTNVGAGTP,0
VIEVVYLRTPFSAGNATT,0
ADYLQLARA,1
ADSRNPLEEEFRETNYEEF,0
DVPKSDQFVGLM,1
GEAANVMGAPK,0
VAIRIIWSDIQD,0
MPRRRRASRRIRRRRRPRVSRRRRGGRRRRR,0
GIVEQCCHSPCSLYDLENYCN,1
IGSFIINPR,0
TDPDADEGEFLAEGGGVR,0
EAYAFGL,1
VVGGEVARAHSWPWQISLQY,0
MAQKKGGGSTRNGRDSESKRLGVKVFGGEYINAGSIIIRQRGTRVHPGANVGIGKDHTLFALIDGQVEFGVKGALKKAQVSVLPRS,0
MDSFAFAPGL,1
YVASLARTGDLPIRGQ,1
EKLKPNMRRAFGLLTYPRI,1
SSNKLTTSWG,0
GSWPAARGVQ,1
SVSNIPESIGF,1
AESKKGFLPVIDKKDGYTFLYPFGGQEVSI,0
AMGMLRM,1
VATSEQFNKTFIELVIVVD,0
ELTGERPAAAPGPDGLGFGLVAEAEAEAAAAEKKDAAEKKDDGSYRMEHFRWGTPRKGKRYGGFMTSEKSQTPLVTLFKNAIVKNAHKKGQ,1
GNNRPVYIPQPRPPHPRL,1
MMKLLIIVVLLVISFPAY,0
FFVPPAFFPP,0
MFAEGRIPLWIVGVIAGMGVIAVVGLFFYGAYAGLGSSM,0
MKVRPSVKPICEKCKIIRRKGRIMVICENPKHKQAQG,0
AQENETNESGSID,0
APSGQDFMRF,1
ANDLVDDK,0
GVIDAAKKVVNVLKNLF,0
DTFDHSCKGIYDRELFRKLDRVCEDCYNVFREPKVATECKSNCFVNKRFNVCVADLRHDVSRFLKMANSALS,1
SRAHQHSMEIRTPDINPAWYAGRGIRPVGRF,1
IVGGQEATPHTWVHQVALFI,0
NFDEIDRTGFEGFY,1
AVPDKIDPRESGYVTGVKDQ,0
SPMERSAMVRF,1
SGTSPLLPAITFILD,0
APPGWSPFR,1
VGCEECPMHCKGKKALPTCDYGCECND,0
VNWKKILGKIIKVAK,0
QQDSEVEREMM,1
MIYSTEVVNMNM,0
SVQFKPRL,1
GAAILTNDNAMDALQDL,0
FPIDDDDKIVGGYTNR,0
DLPKVDTALK,1
GKTKGVTSGLIAFPRL,1
TDVDHVFLRF,1
ISDDIQSIIQGIF,0
AHKNFLRF,1
IPLDPVAGYKEPA,0
MSDINATRLPIWGIGCNPCVGDEVAALLTRGEALC,0
MVVIRLARGGAKNRPFYNIVVTDSRNRRDGRFIERVGFYNPVAAEGSERIRLNSDRLAYWTGVGAQVSDAVAKLLKQQAA,0
SGFYCNRY,1
STDTQYFGPGTRLTVL,0
PFCNAFAGC,1
AFVQEPLPY,0
CCDWDWCDHICTCCGG,0
YYTVLFGVSRALGLPLERPK,0
DVAHGILNKAYRKVLDQLSARKYLQTLMAKSVGGNLDGGAEDDSEPLS,1
DPAFSSWG,1
AGQDGFMRF,1
SGPGFMGVR,1
SQPSKNYLRF,1
DDSSPGFFLKITKNVPRL,1
APFSLATA,0
MDAVQELEHRITELEIQSALQEDVIAGLNAMVAELRQTLDLQQAQLRLLYQKMQDRNPDAQEPYSLRDEIPPHY,0
MDFIIDIIKKIVGLFTGK,0
WLSGVDKIRGVNLGSAFIIE,0
AGDRSNVTQLDGPAGALLLRLMQLAGAPEPQPAAPGGY,1
MKRQDLPRSRSLRSCE,0
NSELINAILGSPTLFGEV,1
SEQEAGLDTGDGDGDQQYLVRPWLYLWADN,1
VSDVPNNDDRFTY,0
SVFAFQDESTSTIAQARLFI,0
QHWSYGLQPGGKRNAENLVESFQEIANEMESLGEGQKAECPGSYQHPRLSDLKETMASLIEGEARRKEI,1
RPLSWLPK,0
SALDKNFMRF,1
DRGEMRDILEWGSPHAAAPR,1
VEIIANDQGNR,0
QQDYTGAHFDF,0
AKKTILDLKD,0
HADGVFTSDYSRLLGQISAKKYLESLIGKRISSSISEDPVPI,1
MANIKSAKKRIKVTETKTLNNRMVKSALKTVIKKFEAAVAGNNVEEAKTAFVAVTKSLDVAASKGVVHKNMAARKKSRLAAKLNAMA,0
MKHIPFFFAFFFTFP,0
AWSDLSQQGW,1
TPQIQKPAPQFSKTALLPDE,0
NACSSDLNSK,0
GLLKRIKTLL,0
MAAYLDPTGQY,0
KAVVLGKAGGTAELPCQASQ,0
QGGGPQWAVGHFM,0
YPAKPQAPGEHASPDELNRYYTSLRHYLNLVTRQRF,1
DFDEIDRSGFGFA,1
GWTLNSAGYLLGPHALDSHRSFQDKHGLA,1
KQATCSIPYEYSNGKFKRTLYYSNGVYANS,0
VPSGFTGMR,1
GPNPGFSPFR,0
NDWSKFGQSW,1
PSYKLHYFDLRAAGE,0
RGSNLTHPLRNIGDLFYVGN,0
MIGGLFLNTLSFVIVINHVIVNNTANVHTTQHENVIVQQH,0
KIMAKPSKFYEQLRGR,0
ARAVGIDLGTTNAVVAVLEG,0
LRLDLSNLR,0
MMKHVIILVILLVISFQAY,0
TEIQSFNFNGFVPEN,0
RSLEGSSSPVTSLTRGRSLN,1
KPEEDWGRES,0
DVAHEILNEAYRKVLDQLSARKYLQSMVARGMGENLAAAAVDDRAPLT,1
ALSGDAFLRF,1
MKKLVLCVSILAVILSGVALTQLSTDSPSNIQVAERPVGG,0
SGRNFLRF,1
GSSGLIPFGRT,1
NDVNTMADAYKFLQDLDTYYGDRARVRF,1
QSRDFSISEREIVASLAKQLLRVARMGYVPEGDLPR,1
QTWLPFV,0
RCCGYKFCYIC,0
FHGHTKDSKKNIKK,0
EDVDHVFLRF,1
GYEVIDTIK,0
AELTSCFPVG,0
GYGFLTTDD,0
EPTPRSFNGDKVFRV,0
EWCGTNSDCGEGECCTGGSFNRH,0
HAEGTFTSDVTQQLDEKAAKEFIDWLINGGPSKEIIS,1
LGPALITRKPLKGKP,0
YPSKPDNPGEGAPAEDLAKYYSALRHYINLITRQRY,1
ENCCPRG,1
GKSDNFIRF,1
YPYLIFPASPSSGDSRRLV,1
PAASESGFRRDP,1
FKSLTKYSPGRQN,0
QGRPPHPPIPPAP,0
ELNFSWGT,1
SHTCEICAFAACAGC,0
HIGSLLR,1
GYGGY,1
DDGQSDSQAVDGDGKTEASEALPSEGKGELEHSQQEEDGEEAMVGTPQGLFPQG,1
ALCNCNRIIIPHMCWKKCGKK,0
LNLKALLAVAKKIL,0
HSDALFTDTYTRLRKQMAMKKYLNSVLN,1
MSDINGTRLPWLATCPCVGEDVNPTLSRGER,0
CFFRDCSNMDWYR,1
GMYGGY,1
MKLTCMMIVTVLFLTAWIFITADNSRNGIENLPRMRRHEMKNPKASKLNKRGCREGGEFCGTLYEERCCSGWCFFVCV,0
MFTMKKSLLVLFFLGTISLSLCQEERNADEEDGGEATEEEVKRSFLTTFKDLAIKAAKSAGQSVLSTLSCKLSNTC,0
NPYPGLW,1
GLLDVVGNVLHSLGL,0
SAPSQDFMRF,1
MDNNFMRF,1
MEKSRCHAVAHGGGCAGSAKSHKSGGRCGQGRGAGDSHGTRGAGRRYRAASAPHPLAVGAHLRDELAKRSADPRLTDELNDLAGHTLDDL,0
DINGGA,0
MESTSPALSVSIAVLTALLGLTGFGIYTAFGPPSRQLDDPFDDHDD,0
SVPHFSDEEE,1
KEGYLFGSRG,0
ECCRYVDCRRGCTPCC,0
MPRKGPAPK,0
DRVYIHPFHL,1
QANQDFMRF,1
GGGRAFYDE,1
DTGFAFSPRL,1
GGARAFVENS,1
GPETLCGAELVDTLQFVCGDRGFYFSKPTGYGSNNRRSHHRGIVDECCFQSCDFRRLEMYCAPAKQAKSA,1
FPPWF,0
ELYAFPRV,1
EACYPPGTFCGIKPGLCCSELCLPAVCVG,0
GPRNFLRF,1
YPSGFLGMR,1
TPQQDFMRF,1
MSIFRIHLDGNKKA,0
RVINDDCPNLIGNRDLYKRVEWICEDCSNIFRNTGMATLCRKNCFFNEDFLWCVYATERTEEMSQLRQWVGILGAGRE,1
FLPPCAYKGTC,0
SEDRNTGNSLRDSSSFFPARY,1
QPSFTHAFV,1
DPGFSSWG,1
AGPAPSRLYSFGL,1
SIPLPSLNFEQFGNMIQCTI,0
LQVDYLVLEVA,0
FDDFLRF,1
HADGIFSKAYRKLLGQLSARNYLHSLMAKRVGGASSGLGDEAEPLS,1
APFIFPGPKV,1
DGRMYSFGL,1
QWAQWPRPTPQIPP,0
MESVAYILVLTMTLAVLFFAIAFREPPRIQK,0
MCMLSWFISTSPLKEYCGGKRNLQRNNF,0
TGWNKFQGSW,1
GQERNFLRF,1
SLRVQQRSKAAGRLEPQEVMEEEENGVIKLTAPVEIGVGLSSRQLEKHRAVLEALLSEALPPPSLVFGGQRPVTAAWE,1
TEVTFKVGEGSSGKS,0
HADGTYTSNVSTYLQDQAAKDFVSWLKSGRA,1
SYNEQFFGPGTRLTVL,0
RTCIPIPLVMC,0
VREFV,1
TDRNFIRL,1
AHRNFLRF,1
ADVRNPLEEFRETDYEVL,0
SMIGGVMSKG,0
MKRLTLVCSIVFILFILFYDLKIGTIPIQDLPVYEASAKTAVQEPAYKTVKVKPGDTVMSIVGSAGSPDDIVKDFEALNPNVKANAIQAGTAYKFPVYP,0
AHVQTVGK,1
SIEEYPYAYDEADRSSAAVFSEGDKPSDGYQQWKESLLNLLKMIEVNEYRNSKAMREASVYN,1
MSEVAEKVKKIVVEHLGVDEAKVTPEASFIDDLGADSLDTVELVMAFEEAFGVEIPEDAAEKIGTVKDAIDYIEKKKAE,0
QDPFLRF,1
SYSMEHFRWGKPIGHKRRPIKVYASSLEGGDSSEGTFPLQA,1
PLFDKRQRCCNGRRGCSSRWCRDHSRCCGRR,0
GCCRFPCPDSCRSLCC,0
DRSDNFIRF,1
MNFFLRWCYAVAI,0
YPPKPENPGEDAPPEELARYYTALRHYINLITRQRY,1
AATAATPATAATPATAARA,0
EQDRR,0
EQSAGFREYIDFFDGYSLTY,0
TTQHTCSILSRPHPRGLCGSTLANMVQWLCSTYTTSS,1
GMDSLAFAGGL,1
YGGFLRRQFKVVTRSQEDPSAYYEELFDV,1
GASGLIAFPRV,1
DAEDGDALANSSDLLKELLGTGDDRDRENHHQEGGDSDEGVS,1
TSPCPPVENPTGHQRPPCATRSRLIPAPRGSVLVQREKDMSAYNWNSFGLRY,1
GKRSQEEPESYEWGTVQIYDKRR,1
HSDGTFTSELSRLRESARLQRLLQGLV,1
MTTDD,0
ALNSLDGQGFGFE,1
MPGLDSPAAVRRAAMDLLAR,0
NCNKYGNACFGAH,1
QFSESLPEECCKYGCPRYYLLMYC,1
ITGQGNRIF,1
ADGSDPVGGESLPDTGGAR,0
MSTDLKFSLVTTIIVLGLIVAVGLTAALH,0
DPNATIIMLGTGTGIAPFR,0
RLRSKGKK,0
VAGPFRIPPLRREFQ,0
KPEEDWGHR,0
GLLGMVGSLLGGLGL,0
DSDSAQNLIG,0
QSLCPIDKAISEKIQEVTTSLVPGAVRIIGLDCRSVTSRGSLVTCPSGFAVTGCTCGSACGSWDVRAETTCHCQCAGMDWTGARCCRLHIQ,1
QETQYFGPGTRLLVL,0
QLAELKYVI,0
SCNTATCMTHRLVGLLSRSGSMVRSNLLPTKMGFKVFG,1
CPCGRRRCCVRGLNVYCCF,0
MGLGGPLSSATSFASKTLEGAMSDSMAESAVAQAAKMKIDTQNSILDGKMDSATKEINSGHNAAKAIQF,0
MQTLPKERRY,0
QVFDQACKGIYDRAIFKKLELVCDDCYNLYRKPKVATTCRENCYANSVFRQCLDDLLLINVVDEYISGVQIV,1
MASLGRKFFAVGVLSRVFPSAFNAQKGLLKNASMFLTPAFRLSPSLLPWNFSRGFKVKASVKKRCSSCYFVRRKGRLYVLCKKHPRHKTRQG,0
GLNTLKKVIQGLHEVIKLVNNHA,0
QLGSWEDEMVGALGNQGAKAQTKVVPRTLTVTGLQDKKDGSYRMGHFRWGSPTAIKRYGGFMKPYTKQSHKPLITLLKHITLKNEQ,1
LYFAPRL,1
DQAAALPYYLYE,1
SPLQEAEDNSSLETADSLLEDLRGVPNM,1
INWLKLGKKVSAIL,0
IVDYCPAGCR,0
SDPYLRF,1
GVFTFEDESTSTVAPAKLYK,0
SPALDDEHNDNFLRL,1
YPPKPESPGSNASPEDWAKYHAAVRHYVNLITRQRY,1
AVREYHWFVE,0
NRPTYVPPPPRPPHPRL,0
GGCCSHPACAANNQDYC,0
AKELLDSDGIILRNGANYYI,0
VVGQQDFLRF,1
EGLRW,1
MKAIMLVNFCDERGSGR,0
MKKTAAIISACMLTFALSACSGSNYVMHTNDGRTIVSDGKPQTDNDTGMISYKDANGNKQQINRTDVKEMVELDQ,0
SFNAASPLLTTGHLHRGSELGLSDLYDLQEWTSD,1
MAKRGSTLLVKLASSAGTGYFYVKKRNPKKLINKLSFRKYDPVARKHVLFTEEKLR,0
SIGDQPSIFNERASFTGLM,1
AVLDLDMRKCLPCGPGGKGRCFGPSICCADELGCFVGTAEALRCQEENYLPSPCQSGQKPCGSGGRCAATGICCSPDGCRTDPACDPESAFSER,1
VVDIVDTFRNNIQGATK,0
ELGTDDAVYPSLEAGTAEGGEAEGMEGVFSLQEKKDGSYKMNHFRWSGPPASKRYGGFMKSWDERSQKPLLTLFKNVIIKDGQQ,1
SEGHKNPKELPKFFEIKPRVDQFFIGSRY,1
DPAFNSWG,1
ELSLELDYPEIDLDEDIEDNEVESALTKKNGNYRMHHFRWGSPPKDKRYGGFMTPERSQTPLMTLFKNAIIKNSHKKGQ,1
DPKQDFMRF,1
GFKTVGLATARGF,1
AAAELSLVQLESLREVCEQ,0
AWQDLQGGW,1
SPSNSKCPDGPDCFVGLM,1
DLDSVLDPSIF,1
GSGQYAYGLGKAGQYSFGL,1
IKIMDILAKLGKVLAHV,0
MISDTQIFVALILALFSFVLAIRLGTSLY,0
KKDGYPIQENGCKY,0
TNYGGFLRF,1
MCLLVIKSVMLSIVISLRRLLDYLDLTLQVL,0
DVGKFK,0
MTKPNPNKQSVELNRTSLYWGLLLIFVLAVLFSNYFFN,0
MPQSKQQFKRQGARQRDSKGKFVKARTGMATAPPAAVSTAAPTASTMTPTGSSTTATIGGATTGASTTTAVTGCGCNCCSH,0
EMPSLRLRF,1
APACVGFQGMR,1
CCKQSCTTCMPCCW,0
QQWAVGHFM,0
SADWNSLRGTW,1
SDTVDIYDAGKILERVII,0
SVNTKNDFMRF,1
KPNFIRF,1
APAEHRFSFGL,1
MEIKTTAVAGTLESSDIQIMISKGSNGIEIDLESEVKKAYGDQIEKVITETLKKYGLENAKVKATDKGALDCVIKARTLAVAQRATETQDKPDLEVL,0
EELRPEVLPDVSE,0
WMDFG,1
NAIPGNYYRWPYAKVPYVID,0
SVDNLPPRERKAGCKNFYWKGFTSC,1
VATFTLPDLPYDYGALEPAV,0
AAAMWFGPRL,1
VAAGRPRF,1
VVSCADILTLAAR,0
MEHFPGP,1
DSKLMDPLIRF,1
KNKFEFIRF,1
NVQLDPFFQEQQQYYPQQQAFFLLQQQQN,0
MTPMRITVWRKRLQQMRPQRKLLKQTQQRRLLHQLQQRKLLQQTSL,0
GVFDECCRKSCSISELQTYCG,1
GSNDFMRF,1
NQDCRPGWSFYEQNCYKVF,0
MIREPRIREPRSLA,0
VTSWSLCTPGCTSPGGGSNCSFCC,0
FVPIFTYSELRRTQEREQNKRL,1
MKVRASIKRICRECKLIKRHGVNRIICVNPKHKQRQG,0
GGKMFMRF,1
FLPAVIRVAANVLPTVFCAISKKC,0
FSGLGSQNPGLLVLAK,0
KCGVSIPYKISPSTDCSSVK,0
ADAKS,0
DEGHKMLYF,1
EPPGGSKVILF,1
MARKDRLTNERLNKLFDSPFSLVNYVIKQAKNKIARGDVRSSNVAIEALNFLDLYGIQSEYAERDDRERHLSATGERRREQGFGTSRRKDPSLYNWSDVK,0
VNPIILGVLPKFVCLITKKC,0
QNECPWKPWC,0
GSTGLIPFGRT,1
LGIYSDAGTQTCSK,0
SSPETMLSDVWWRENTENIPRSRFEDPPMW,1
AQYTNHFVHSLDTLPLRF,1
QGGWPRNPIPP,0
MSLEVILQLGSILLVVAAGPLVIVLLSVNEGNL,0
ENFHLRP,1
MADAEDIQPLVCDNGTG,0
GSSFLSPEHQRVQQRKESKKPPAKLQPR,1
YGGFLRRQFKVVTRSQEDPNAYSEEFFDV,1
SDPSVPLRPEEDELIDQ,1
QLGPPPRPQIPP,0
QLASDDYGHMRF,1
CYISNCPQG,0
QCGQAWC,0
GAPRFL,1
DQLFPFPRV,1
STNWSSLRSAW,1
ADGSDPAGGEFLAEGGGVR,0
SATAEEGSENAEIEESHLGNSRS,1
MNPNCARCGKIVYPTEKVNCLDKFWHKACF,0
KCDVDIRK,0
ALQHFSSLDTLGGMGFG,1
TAIRKCNPRT,0
PSATYFVR,0
STAGDTHLGGEDF,0
RQAQGWNKFRGAW,1
YDFEASSYSFGL,1
QEYTGWMDF,0
QPVVPAEATDPVEQRAQEAPRRQLRAVLRTDGEPRARLGALLARYIQQVRKAPSGRMSVLKNLQSLDPSHRISDRDYMGWMDFGRRSAEDYEYPS,1
APPGRSDVYPPPLGSEHNGQVAEDAVSRPKDDSVPEVRAA,1
GMDSLAFSGGL,1
DGDDYKFGHFRWSVPL,0
EHWSDYFKPG,1
GLLDIVTGLLGNLIVDVLKPKTPAS,0
QQCGRQASGRLCGNRLCCSQWGYCGSTASYCGAGCQSQCRS,0
DNTVRSKPLNCMNYFWKSSTAC,1
ESGGLMSQQCCHVGCSRRSIAKLYC,1
FSQAQGKVDMPLPRQRTSSRSSERWAPKS,1
MMCPRILMKCKHDSDCLPGCVCLEHIEYCG,0
MDPNAFRMSF,1
QGWAWPRPQIPP,0
TPASGFFGMR,1
SFAKAPHLDL,1
WYKHVASPRYHTVGRAAGLLMGLRRSPYLW,1
GMSAFSF,1
QPSYTHAFV,1
DVNGGGHTLPQPLYQTTVVL,0
RQQPFVPRL,1
HSDAVFTDNYSRIRKQMAVKKYINSLLA,1
ELTFTPNWGT,1
MDANAFRMSFG,1
QKKDRFLGLM,0
VVGGDECNINEHRSLALMYA,0
RSTQGYGRMDPIL,1
SQPFSFGL,1
VKIGTYELLKGDFSV,0
MGSVIKKRRKRMSKKKHRKLLRRTRVQRRKLGK,0
EVEMLGDELRTLNQNLGLMR,0
RSADGFGRMESLLTSLRGSAESPAALGEASAAHPLE,1
NHQLTQENERLTQK,0
QVSLKYPEGKMYSFGL,1
GPPRFI,1
RSFDASPSATSGNHSLN,1
ANEDEDAASLFAFGL,1
NLDEIDRSDFGRFV,1
HSEGTFSSDYSKYLDSRRAKDFVQWLMST,1
LLPILGNLLNGLL,0
EWLKGRF,1
SPPAPFVPVPIN,0
KRGFLDVIKHVGKAALSVVSHLINEGEH,0
SEEEKRQPWLPFG,0
NEEVLFGGR,0
KLPTGYQFGL,1
DVSDGSAERRPYTRMGSGGLKLHCQVHPANCPGGLMVT,1
LSPTQDFMRF,1
MEKGYYDLES,0
SCNRATCVTHKMAGSLSRSGSEIKRNFMSTNVGSKAFGQRSRDLQK,1
YSLRARPRF,1
GAAPAAQFSPRL,1
VTVYDAEGTKVQLDGSIRLVM,0
YGGFF,1
TWKNLQGGW,1
NVGTLARDFALPP,1
SAEFPDFYDSGEHLSPRHAAESEKERAGQGVLTEEEEKELENLAAMDLELQKIAEKFSGNRRG,1
YSFLPRL,1
DDDDLEGFSE,0
GSGNLMRF,1
GLLSGLGL,0
IIDYYDEGEEDRDVGVVDAR,0
VSGSGIMAKRVVVDA,0
PVKVYPNGVEEESAEAYPTEMRRDLMSDLDYPLLEEVEEELGGENEVLNLQE,1
APLSWDLPEPRSRAGKIRVHPRGNLWATGHFM,1
SPTSQQHNDAASLSKIYPRGSHWAVGHLM,1
FDEIDRSGFA,1
ASAYRYHFGL,1
MTLIKYKRKNIQFYKKIIANGYAK,0
DSVGENHQRPPFAPRL,1
RMTLSEKCCQVGCIRKDIARLC,1
QSHISKARRPYIL,1
CCDRIACRFGCVPCCT,0
NYPTQDSTMDKTFANNL,0
AAKLLLNPKFRCKAAFC,0
MPFDL,1
MSVLVYSFASFVLGWCLRSGITYFTRLMETSS,0
EYPVVFVKGLFPGKG,0
VIGGVECDINEHRFL,0
MKRNIFCHFMKNFHERLDFPPYPGSIGKKIYKNISKKAWEIWKNHQTILINEKQLNMLNKKDRKTIEIEMINFLFKNK,0
GFKNVALSTARGF,1
MFHDLPGVK,0
QHPGLW,1
IFNKAYRKVLGQLSARKYLHSLM,1
DGSYKMNHFRWSGPPKD,1
NFDEIDRVGFGSFI,1
AEEENTGGLPGVQLSPCTSPPVGLIPCSAPWS,1
CLIQDCPEG,0
MSHDLDPTGTY,0
AYFDEKKSVPGVLRF,1
SDPDLDDVIRASLLAYSLDDSPNN,1
QLNFSAGWGRRYADPNADPMAFLYRLIQIEARKLAGCSD,1
QKVAVRLKEVVYTLSPHQQN,0
EVNFSPSWGN,1
VEWSDSERKTLVSVWGKI,0
FEPSLRLRF,1
AAAQHLCGSHLVDALYLVCGEKGFFYTP,1
GLPTCGETCTLGKCNTPKCTCNWPICYKD,0
MLNIALHGYSLSKSAMDSRLTRKQSKSCT,0
SSGWVCTLTIECGTVICAC,0
QSRIGLW,1
VVKQGLLAGRIPGL,0
QGTTNIVCECCMKPCTLSELRQYCP,1
RAHFLPPLLLL,0
ESECPWHPWC,0
MFDDQDLGFFANFLGIFIFILVIAYHFVMADPKFE,0
PRVYGFGL,1
RCLFWSVCP,0
PVKVYPNGAENESAEAFPVEV,1
MQLVLAAKYIGAAIATIGLIGADDKTSNM,0
NPISRSCEGANCVVDLTRCEYGDVTDFFGRKVCAKGPGDKCGGPYELHGKCGVGMDCRCGLCSGCSLHNLQCFFFEGGLPSSC,1
SPHYNFGL,1
QQGEGGPYGGLSPLRFS,0
LPVNSPMNKGDTEVMKCIVEVISDTLSKPSPMPVSKECFETLRGDERILSILRHQNLLKELQDLALQGAKERTHQQ,1
QHWSKGYSPG,1
QDDDYGHMRF,1
CHWSYGLRPG,1
YGGFLRRIRPKLKWDNQKRYGGFLRRQFKVVT,1
NTGELFFGEGSRLTVL,0
ADFAFNPRL,1
CVQSCSFGPLTWSCDGNTK,0
GADFQECMKEHSQKQHQHQG,0
DGNRNFLRF,1
SAIDPNPDTPDSE,0
IVGGAECVPY,0
NAPVSIPQ,1
DLLEALSQDQKLLMAKFLPHIYAELANREGNWHEDAALRPLHDHDYPGWMDF,1
SDMPGVLRF,1
MARKYGKAARKCSRCGDHSAIVRRYGLNLCRQCFREIAPKIGFKKYN,0
YVGALARSGGLMGY,1
SVSFQELKDWGAKNVIKMSPAPANKVPHSAANLPLRF,1
MKLRPLHDRIIVKRLEGEEKTAGGLFIPDTAKEKPQKGEVIAVGNGKKNDEGKCAPLDVKVGDSILFGKYAGTEVKVDGDEFLMMREDDVLAVIEK,0
LEGSFLGGSEAGERLLQQGLAQVEA,1
SDRELHRSKAAYFF,0
GKPNKPRPAPIKPRPPHPRL,0
QPSFGHSFV,1
GDVVANPESVELK,0
SGYLAFPRM,1
QEDAELQPRALDIYSAVDDASHEKELPRRQLRAPGAMLQIEALQEVLKKLKS,1
MKLLCWQKSIHGS,0
GVFCGELCIKASCSIPGCECIAGLCYKN,0
DGGRNFLRF,1
SAEFPDFYDSEEPVSTHQEAENEKDRADQTVLTEDEKKELENLAAMDLELQKIAEKF,1
IEFFT,0
QLWPRPQIPP,0
QAEATRQAAAQEERLADLASDLLLQYLLQGGARQRGLG,1
EEGGSPPPVVI,0
SESEVPGMWFGPRL,1
MYAFSYSTPRTLDEVSAAS,0
MGIKKTSATVFLVIILTISFSYYDVEAESVIEPAKYGACLFLCDARRDDHACFYDCTNVAIYRTGHCVGNPPRCCCIRG,0
NSTMNSLLQLGR,0
MGSLESERFVVDVAASNLDK,0
NFDEIDRAGFGFL,1
QAPWPDTISPP,0
TVTPEQDRYLQVKKY,0
MKVNPSVKPICDKCRLIRRHGRVMVICSDPRHKQRQG,0
APLDRSALVRF,1
MMLGPGIL,1
MKTNPL,0
CSCNSWLDKECVYFCHLDIIW,1
WCLESSQCQDLTTERHLLECLRACKPDLSAETPVFPGGADEQTPTESPRKYVTGHFRWGRFGRGNSSGASQ,1
QARPRHPKIPP,0
GFDHYGFTGGI,1
DFDRDFMHF,1
ADVPGNYPLDKNGNRYY,0
PNFMRY,1
MVEPLLSGVVLGLILVTLSGLFFAAYQQYKRGNQLNG,0
EEDYDERPYMQPF,1
AGSMDSCSETGVCMKACSERIRQVENDNKCPAGECICTT,0
PVNSGRSSGSRFNFGL,1
ADRELHRSKA,0
DHMSHDVYSPRL,1
MPSQKSFRTKQKLAKAQKQNRPLPQWIRLRSGNTIRYNAKRRHWRRTKLNI,0
METVAYIGLGLCVLGVCLISWGLWDLARIIKSLHDTK,0
ELEGERPLGLEQVLESDAEKDDGPYRVEHFRWSNPPKDKRYGGFMTSEKSQTPLVTLFKNAIIKNAHKKGQ,1
YSFGL,1
AAGMGFFGAR,1
MASGQESRKELDRKAREGETVVPGGTGGKSVEAQEHLAEGRSRGGQTRREQLGQQGYSEMGKKGGLSTTDESGGERAAREGVTIDESKFTK,0
ILLSASKSIRNSDDDMVFNTFRLGKAFQKEDTAEKSVIAPSLEEYKNDESS,1
MKNTVKLEQFVALKEKDLQKIQGGEMRKSNNNFFHFLRRI,0
GASGLISFPRV,1
MTLMSGEGQGKSSSVKRVPTIAATLVFFFSNSFLPASR,0
PAPDSSFIRDP,1
FKAEYQSPSVGQSKGYFLFRPRN,1
NPGSQDFMRF,1
GIVDQCCTSICSLYQLENYCN,1
MRVKVTLACTECKRRNYNTMKNKKNDPDRLEMNKYCPHCHKHAAHKETK,0
GYEDEDEDRPFYALGLGKRPRTYSFGL,1
MDITSIAWGALMVVFTFSLSLVVWGRSGL,0
APSGFQ,1
RKSAGKPKN,0
QWLGGRFG,1
GYLDYDEVDDNRAKLPLDAR,0
SSADTLISDLLIGETESRPQTRYEDHLAW,1
EACYNAGTFCGIKPGLCCSAICLSFVCISFDF,0
HWAWFK,1
ENCCPR,1
AGNSGANSGMWFGPRL,1
YFMRF,1
QGWPGPKVPP,0
QPPTPPEHRFPGLM,0
AYGEAANVFGAPK,0
QHWSHGWYPGGKRALSSAQDPQNALRPPGRALDTAAGSPVQTAHGLPSDALAPLDDSMPWEGRTTAQWSLHRKRHLARTLLTAAREPRPAPPSSNKV,1
GLLDVVGNLLGGLGL,0
EILDEI,1
RDCQEKWEYCIVPILGFVYCCPGLICGPFVCV,0
SANPALAPRERKAGCKNFFWKTFTSC,1
SAEEDALGLPVWRQSHAAAPGGSHRHPPAGLPAAKGGTGVSGSPPKPWDCLPCRAHSLPSQS,1
FLPKMSTKLRVPYRRGTKDYH,0
DQWQKLHGGW,1
KPNQDFMRF,1
AIGGLSRSFPVEAFE,0
GLSMLRL,1
CVTGAPGCVGGGRL,0
GWFDVVKHIASAV,0
GRPNPVNTKPTPYPRL,0
ELPVNFYALNLTADNINIGY,0
NEVDIVGALNADLTQFL,0
QQDYTGSHFDF,0
AGLPTEEKPPLL,0
NEQSGKSQTVIVGSWGAKVS,0
SASFVRF,1
EFNADDLTLRFG,1
AFEIINDIK,0
TESLVLSPAPAKPKRA,0
AAMDRY,1
DQQAPPPMFPPRL,1
SSPEILDTLVSELLLKESTDQLPQSRYDPSLW,1
GPEEWVK,0
HNPASFIGLM,1
ASEPTALGLPRIFPGLM,0
GLTFLSPADMQKIAERQSQNKLRHGNMN,1
SGSKTANIGDGCFGVRLDHIGTTSGMGCGRPRPKPTPGGS,0
QGGAPWNPIPP,0
CFIRNCPKG,1
NIGTLARDFQLPQN,1
SIATLAKNDDLPISLHDRMAENEDDEE,1
GGDDQFDDYGHMRF,1
KDGYLPGNEGCKY,0
MKVRASVKKMCRNCKIIRRNGAIRVICTEPRHKQRQG,0
MSQSKYRQL,0
SGCCSNPACRVNNPNIC,0
GEGKMFWRCYFNAVSCF,1
MEQRKCYFCGKMLEPGTGKLYVKKDGSTYFMCSSKCMSNFALGRLPRRTEWTEKGKIQLKKA,0
MQWDEAIHGS,0
EAIVSKARRPYIL,1
GSFFATPDDRH,0
QADPKTFYGLM,1
LQPKLEYQYKYHGIVALGIPSYKTQFYDAH,0
DVLAGLSSNCCKWGCSKSEISSLC,1
MAKLHDYYKDEVVKQLMSQFDYNSVMQVPRVEKITLNMGVGEA,0
AYRKPPFNGSLF,1
DVAHGILNEAYRKVLDQLSAGKHLQSLVARGVGGSLGGGAGDDAEPLS,1
MDILTLGWVSVLTLFTYSIAMVVWGRHGM,0
GDSEVPGMWFGPRL,1
LFEENGGAL,0
TPAEDFMRF,1
HSEGTFTSDYSKYLENKQAKDFVRWLMNA,1
DNGEAGRAAR,0
NGRCCHPACARKYNC,0
APANSVWS,0
GPPSLRLRF,1
WETCKEFLKLSQLEIPQDGTSALRESSPEESHAL,1
SAPTEFERN,1
GQNFTSDKDLYTDSR,0
PASDSGFLRDP,1
GENFAIKNLKTIPRI,1
ELTFSPDWGK,1
PAPESSFIRDP,1
GRGASSNYVRL,1
GSLTGLISMPRT,1
SNPYSFGL,1
HPVEI,0
ATFNFINNCPFTVWAAAVPG,0
YAFDVVG,1
NQPNFLRF,1
TEFATNDGGQR,0
GEGIIAEYMNSESFPHEGSLSNFFLKASKAVPRL,1
FNFNPFGLRF,1
GVGDLIRKAVSVIKNIV,0
EAAGLLAFPRT,1
NFEHSCNGYMRPHPRGLCGEDLHVIISNLCSSLGGNRRFLAKYMV,1
DVKDGGADRGAHSDRGGMWFGPRI,1
MKRGYEVVRDPHLNK,0
QTLIPMPRL,1
MVEALLSGIVPGLIPITLAGSFVIAYLQYRRGDQLDL,0
MEITTNQVYIALLASLIPAFFAFKLGKSLNQ,0
SCNTASCLTHRLAGLLSSAGSMANSNLLPTEMGFKVS,1
HSPGGA,0
AALSEAYDVRGKKERYADFNSKFVAVR,1
KLMKQGGAALEGSALANGRALSAGSPPVPPGWNRIPPLGRAQEE,0
AEPVEPWS,0
GRPSNNFVRF,1
FWGAVWKILSKVLPHIPGTVKWLQEKV,0
ILGKFCDEIKRIV,0
MAHSS,0
LPSFLYAEMVGYNIL,0
LVSVSPAFNGNYFVE,0
HGSYAFGL,1
QPNPNEFFGLM,1
SYPDTAVRQCIPCGPGNRGNCFGPNICCGEDLGCYVGTPETLRCVEETYLPSPCEAGGKPCSSGGRCAAPGVCCSDDTCVVDSSCLDEDSERR,1
GIPCAESCVYIPCITAALGCSCKNKVCYRN,0
LRPAVIRPKGK,0
SDRSPSLRLRF,1
AQPPQADFL,0
ATGWSAFFIDGKWTEAKK,0
MVRSVWKGPFVDGYLLGKAEKVRASGRNEVIKIWSRRSTILPQFVGLTFGVHNGNKHIPVSVSEEMVGHKFGEFAPTRTYYGHGADKKAKRK,0
APRPYSFGL,1
FLPLLAASFACTVTKKC,0
FLSLIPHAISAISAIAHHL,0
CYINNCPVG,0
AESGFQPVVDRKGD,0
FVHPM,0
AGWNKFQGSW,1
GWQDLNSAW,1
KWAAGRSAW,1
MNNWWVYPCFEIDVVASGFDLPVAIAFPSEQRKGKNDVVELYGKVK,0
MDELYPLEVEEEANGGEVLG,1
QPGLW,1
MIFDGKVAIITGGGKAKSIGYGIAVAYAK,0
VPSAADMMIRF,1
EIDRSSFGFH,1
HHDHHAAVGGGGGGGGGA,0
GYPSRNYLRF,1
MDAAHLSDLDIDALEISEFLDESRLEDSEVVAKVMSASCTTCECCCSCSS,0
GDGRLYAFGL,1
VVGGAECKIDGHRCLALLY,0
QPWLPFR,0
LVSGCADLTALAAR,0
VTIGKEGTLT,0
CSVVDLAR,0
QLTFTPGWGY,1
PRVYSFGL,1
RVSNLTIHPLRNIIDLRYVG,0
QYYYGASPYAYSGGYYDSPYSY,1
VSTLLPVVAAEEPA,0
APEESPKRAPSGFLGVR,1
HSEGTFSNDYSKYLEDRKAQEFVRWLMNN,1
LRPDDLSDT,0
GDFAFSPRL,1
TPNSRAFLGMR,1
GRPNFLRF,1
PYGGYGW,1
KPPWRL,0
GATIMPGTLWCGKGNSAADYLQLGVWKDTAHCCRDHDGC,0
APSGFMGMR,1
APLAFVGLR,1
VERYAFGL,1
NNNWSKFQGSW,1
MKVLFVIYVMIQYNYPMFTYNLVNNIINMIQRSM,0
CCSQDCLVCIPCCPN,0
GSGVSNGGTEMIQLSHIRERQRYWAQDNLRRRFLEK,1
GSPGLIPFGRS,1
KIFTKCELARKLRAEGMDGF,0
YKIFEPLRESNL,1
MGMRLPNIIFL,1
YRRRQCPPWCSGEPCRKGTC,0
GPETAFLRL,1
ERAEECRTTQLRYHYHRNGAQSRSLCAAVLCC,1
MIEITCNDRLGKKVRVKCNPDDTIGDLKKLIAAQTGTKHEKIVLKKWYTIFKDPIRLSDYEIHDGMNLELYYQ,1
NLYQFKNMIEEAATGT,0
FLPMIAKLLGGLL,0
LAGTVPLANK,0
EHWSYGLRPG,1
KPLWRL,0
MRALRVSQALVRSFSSSTRSHLENRVAEKQKLFQADNDLPVHLKGGGMDNVLYRLTMTLTLGGTAYCLYCLGWASFPHKK,0
PVQSVFSATRCGAN,0
QKKDKKDKFYGLF,0
GIVDQCCNNICTFNQLQNYCNVP,1
QGRPLGPPIPP,0
GGARVFQGFEDE,1
APSSNSFMGMR,1
ELTFTPGWGY,1
SPLARSSIQSLLNLPQ,1
NFSCPPDWYAYD,0
RPPGFTPFR,1
GLGSLVGNALRIGAKLL,0
ADYLQLTRA,1
CFIRNCPP,0
AFQLDTNLVESLQK,0
APQANSFYVGAKAGD,0
MLGEGASKVELQQLRTEHDSLKVQIRKDQKSI,0
MENIEQRVKKIVAEQLGVNESEIKNESSFVDDLGADSLDTVELVMALEEEFECEIPDEEAEKITTVQQAIDYVNAHLKK,0
MDQFSFGPGL,1
PETSLLGGTEAGERLLQQGLAQVEA,1
FNAPFDVGIKLSGAQYQQHGRAL,1
ENCGRQAG,0
GSPMFV,0
GPPPGLW,1
ELVSNASDALDKLR,0
MEDEGAGG,0
RGPYAFGL,1
GWKDWLKKGKEWLKAKGPGIVKAALQAATQ,0
QHWSYGLRPGGKRNTEHLVESFQEMGKEVDQMAEPQHFECTVHWPRSPLRDLRGALESLIEEEARQKKM,1
DRVYVHPFSL,0
QLNFSPGW,1
GECCTDCAQTAAANYC,0
SAEPNFLRF,1
GSSGLISMTRV,1
FLPIPRPILLGLL,0
RYIRF,1
ALFEESTVSAEPR,0
RSVEGSSRMERLLSSGSSSSEPLSFLSQDQSVS,1
FLPLLFGAISHLL,0
GCCSYPPCFATNSGYC,0
KFADENFQLKH,0
DEPPQTPWDRVKDLVTVYVE,0
MILALGDFLPKQEDKACERPWVQFPARPVIFFHHQGGIFLFSINQPNLSCFSKLKEVNSLYVRVATYICQKNESRFRTNRLKGDQ,0
FLGRVLPPTRATASTHRSRL,1
SDLEGNGVGIGDDHEQALVHPWLYLWGE,1
GFMDLIKKAGGWLKKKGPALIKAALQE,0
SFRNGVGSGAKKTSFRRAKQ,1
MFLAICDMPAFGPLNLILLLTMRLKSSVICSGTS,0
MKFGLFFQNFLSENQSSE,0
LEGQEEEEDNRDSSMKLSF,1
HYQEVPRQIQEKLIKGQ,0
PSPPGFSPFR,0
AAADPNFLRF,1
SKSHQFYGLM,1
SSPFYGHNFV,1
QTPGCCWHPACGKNRC,0
MPFDLRRGSSDTDLDLQGHVDLGLDDLDKLRLIFPPGLIEEA,1
NRVYIHPFHL,1
KPNPERFYAPM,1
GGSTSRSGCFGHKMDRIGTISGMGC,1
VAGKSFVPIALGRQSKQTPF,0
DLSNLLSRVPNERSN,0
APSGFLDMR,1
MFFKWISKFIRRLSKCGIKSITSKAYK,0
ITCCTRGTCAQHC,0
CPPLC,0
QAKSQGGSN,0
YPLGSPSQSPEQFKMQKLLELIREKSEEMAQRQLLKDQGLTKEHPKRVLRSQGSTLRVQQRPQNSKVTHISSCFGHKIDRIGSVSRLGCNALKLL,1
VSDSQNSQDGLDPE,0
IGLRLPNML,1
DVSHQHY,1
MNSVQFKNHHHHHHPD,0
MQNQRIRIR,0
QPPLPRY,1
CGNLSTCMLGTYTQDLNKFHTFPQTSIGVEAP,1
FLPLIGKVLSGIL,0
PMMMGFHGMR,1
GLDRYGFVGGL,1
RGDKDIFTVHDILKARGEI,0
EPNSMWS,0
APPGFTPFR,1
SGNTIYFGEGSWLTVV,0
LSITNDLRAIADSYLYDQHKLRERQEENLRRRFLEL,1
AKKRAGNGCFGLKLDRIGSMSGLGC,0
MAIIIGLEFAQLPMSFGAKYE,0
ATFDIQNNC,0
VCCPFGRCHQICQCCER,0
AQLQNPVGYELQHK,0
AEAAGLLPFPRV,1
ASGGMRNALVRF,1
QTFFTNGRY,1
QRLGHQWAVGHLM,0
VKSTGRADDDLAVKTKYLPP,0
SPSAKWMRFG,1
FLAKKLAKHLAKKQAES,0
FDGRNAAANDKASDLVALTVRGCCSHPACSVNHPELCG,0
EDGSGEFLAEGGGVR,0
NQCPQAYSYAK,0
VLSHNNESSYSDTSSCTSQ,0
SNDIYFNFQR,0
DTHKSEIAHRQPDLG,0
GRSDNFIRF,1
SPKNFLRF,1
MKRNDKILHYRGLN,0
LVFDPSCAGVYDRVLLGKLNRLCDDCYNVFREPNVATECRSNCFYNLAFVQCLEYLMPPSLHEEYQANVQMV,1
QPYVALFEKCCLIGCTKRSLANYC,1
SSSMYDRDIMSFG,1
AALSDSYDLRGKQQRFADFNSKFVAVR,1
APASGFFGMR,1
GSGQDFMRF,1
GPLTILHINDVHAAFEQFNT,0
APYGFGI,1
NQPGVNFL,1
MYCTRCVFAGARGGERSPAAVLSVGKIPAPIVISGYLC,0
DEDTAGLPGRQLPPCTSLLVGLMPCAAARS,1
FVPIFTHSELQKIREKERNKIRNKGQ,1
MLPRKYKPAYKKQAHRVKSNPQPAYTFQ,0
YMFHLMN,0
HADGTFTSDINKILDDMAAKEFLKWLINTKVTQ,1
APLSGFYGVR,1
MINLPSLFVPLVGLLFPAVAMASLFLHVEKRLLFSTKKIN,0
SDPEAPGIWFGPRL,1
ECSQDCATCSYRLARPTDLNPLACTLECEGKLPSLKTWETCKELLQLTKLELPPDATSALSKQEESHLLA,1
HVRHFYGLM,1
RGSNLTIHPLRNTNDIDY,0
ASWASSVRF,1
ILGTILGLLKGL,0
HLIPFPRV,1
MPIITSYFGFLLTALTIASALFIGLSKIRLI,0
GRCCDVPNACSGRWCRDHAQCC,0
MNTELIVQLGSLTLITLAGPLVVVLLFLKQGNL,0
MKVRASVRKICEHCRLIRRRRKVMIICFNPKHKQRQG,0
MSKVCILTGKKHQYGNTVSHANNHRRTRFEPNIQAKRIWLEEEKRWVKVKLSAKAIKIISKRGTAELAKLLQGK,0
YGGFMKSWDERSQKPLLTLFKNVMIKDGHEKKGQ,1
YDGTNCKPGVCWEPKPGY,0
MINYVNITCIIFSTRTLLVFDTSLYIPPFMLSFIGYSLSNQNSPLFLYH,0
MRLRRLFKQPSTRVLGVTNCPRQQGHQKRREQPD,0
FLSLIPGAISAIASLFK,0
SPPFAPRL,1
MEHFKF,1
NYQYSPPPPPKKKYY,0
GSSFLSPEHQKVQQRKESKKPAAKLKPR,1
NLFQFGEMILEKTGKEA,0
HADGLLDRALRDILVQLSARKYLHSLTAVRVGEEEEDEEDSEPLS,1
ALPTYTPESPADATR,0
FLPILINLIHKGLL,0
GWTLNSAGYLLGPHAIDNHRSFNEKHGIA,1
GIVEQCCASTCSLYQLENYCN,1
ATQRLPPLSTEPNR,0
RIRFN,1
CCSRHCWVCIPCCPN,0
DAGDYGDPYSFLYRLIQAEARKMSGCSN,1
EEEDKKEDVGTVVGI,0
YADAIFTNSYRKVLGQLSARKLLQDIMSRQQGERNQEQGARVRL,1
TDTEFEAAGGGVR,0
QPQPVFYHSTTPRL,1
AILDQSCKGIFDRELFKKLDRVCDDCYNLYRKPYVAIDCREGCYQNLVFRQCIQDLQLMDQLDEYANAVQIV,1
SGRNMEVSLVRQVLNLPQRF,1
GRTFFVGGNW,0
RWDQLHGAW,1
FNAGGHINHSLFWQNLAPASSNEAK,0
DYPKLTFTTS,0
RLCIPYIIPC,1
KQCTSNMCSADCSPGCCIIDKLEWCTCDC,0
QNPGLW,1
ADLTR,0
QRPPSLKTRF,1
AVITGACERDVQCGGGTCCAVSLI,0
GLLSKVLGVGKKVLCGVSGLC,0
SFKKGLFLGTILGGA,0
FLVALYTFR,0
VIHCDSSTICPDGTTCCLSPYGVWYCCPFSMGQCCRDGIHCCRHGYHCDSTSTHCLR,1
GNALGKEGLKAI,0
GGSLFRF,1
QNWPRPQIPP,0
SENRNFLRF,1
ALAGDHFFRF,1
IPLDTIAGYKE,0
GLKDMIKNLAKEAAVKLAGAVINRFSPQPQ,0
SEEPPISLDLTFHLLREVLEMARAEQLAQQAHSNRKLMEII,1
CYFQNCPRG,1
APSSAQRLYGFGL,1
GGGRAFAGSWSPYLERFYDY,1
TSISRSKDAKKPSLDILEGAGFSPL,1
QIDPLGFSGGI,1
AFELPALPYAKDALEPHISA,0
QFDEYGHMRF,1
AGGRQYGFGL,1
MKTWMYSYLFDCPILVLPWTPHNYYLYHRFHHFLPLCYWHYSADTY,0
DGVLNLYPFPRV,1
FLPLFASLIGKLL,0
HSQGTFTSDYSKHLDSRYAQEFVQWLMNT,1
MPRVRSLVQVRDAEPGADAEPGADAEPGADDAEEVEQKQLQ,1
ECCHRQLLCCLRFV,0
MSLQADFDKAAKDVRKLKTRPDDEELKELYGLYKQSVIGDIDIECPALLDLKGKAKWEAWNLQKGLSKEDAMNAYISKAKELIEKYGI,1
NFDEIDRSGFDGFV,1
QASTDYDDEDESTVPEAR,0
YDSFAYSAGL,1
AINPFTDSI,1
ISDFDEYEPLNDADNNEVLDF,0
NLVQLGKMIFQETGKNPATSYGL,0
AFDSLAGSGFSGFD,1
DLVFYCPKCTAERQTACPKL,0
MARKGLVERWKKPKKFKTREYTRCKICGRTHSVYREFGVCRVCFRKMANEGKLPGVRKATW,0
GCCHIIACRMGCSPCCW,0
INWKKIASIGKEVLKAL,0
SSIQSLLNLPQRF,1
RWSKFQGSW,1
LRPAVIVRTKGK,0
ANPEVRNNLP,0
DRVYIHPFHLLVYS,0
RCCGYKFCHIC,0
ELGRF,1
GKEGYPTDKRGCKLTCFFT,0
SQAYDPYSNAAQFQLSSQSRGYPYQHRLVY,1
TPFTPRL,1
SANSSPLAARERKAGCKNFFWKTFTSC,1
SFFTLECKGVFDAAIFARLDRICDDCFNLFREPQLYTLCRAECFTTPYFKGCMESLYLYDEKEQIDQMIDFV,1
SWANLNTFGR,0
ARPVKEPRSLSAASAPLVETSTPLRL,1
DTSTPALRLRF,1
KHFGKDSNFPFGT,0
LVNQHLCGSHLVEALYLVCGDRGFFYYPKV,1
QKPDDVIKACGRELARLRIEICGSLSWK,1
TNWNKFQGSW,1
VPSSFRTTITDAQLRG,0
QVNFSPNW,1
APQEPNQFQLLKYH,0
ASQYTFGL,1
MLIYYLQSEKVLFFLYIFLLNFKLRIL,0
GLVPNLLNNLGL,0
YSSQHLCGSNLVEALYMTCGRSGFYRPHD,1
AGVWTVWGTI,0
NLPFSPRL,1
MDRRLLEILACPICKGKLVYSQDEQELICRFDKLVYPIHDGIPVMLPDSTRPLIER,0
APMGFQGMR,1
MFRCPICGFKTLRLFALKQHTRREHVLVKCPICGFTGKHLSQHFYSRYDIDHLIYCYLFSSFRLPKNVRLAIKRKLEVE,0
QTSFTPRL,1
NLDEIDRVGWSGFV,1
QHGAAPECFWKYCI,1
NAPPEPVPPPRAAPAPTHV,1
NVYSFGL,1
EITKFPKDQQNLIGQG,0
GTNGKPPDPKKESQDYLGWMDF,1
EFPTDYDEGEDDRPKVGLGAR,0
TSWGKFQGSW,1
NSELINSLLGLPKNMNNA,1
TPSDGFMGMR,1
MQYISLNTTIITTTETTGYGAG,0
MVEYLVILSGMFGLALACFFGLRSIKLI,0
GIVEECCHKPCTIFDLQNYCN,1
SMLSVLKNLGKVGLGLVACKINKQC,0
YEYSVYREIIGSGHIIAR,0
SNTDVLTPDLLFGEAEIRLQSRYDDPLMG,1
NGGTSGLFAFPRV,1
ADAFFLGPRY,1
GLPVCGETCTLGKCYTAGCSCSWPVCYRN,0
AWSALHGAW,1
ARPDNFIRF,1
VNSTYIGYAPIDDPK,0
KEEAKVLGTVIGIDLGTQYL,0
MLNAVDAKLTTDFGQR,0
TSSLFPHPRL,1
GPMGWVPVFYRF,1
MAKKSMIEREKKRKKLVEKYAEKRRELKEQFMKAEDLEQKIELHRQIQRLPRNSAPSRVRNRCWLTGRPRGFYRDFGLSRNVIREMAHEGLLPGVVKSSW,0
QHWSYEYMPG,1
GVLGTVKNLLIGAGKSAAQSVLKTLSCKLSNDC,0
PAVVL,0
NDDPPISIDLTFHLLRNMIEMARIENEREQAGLNRKYLDEV,1
QWPRPQIPP,0
MEPRMSGSNLRFPYSRAYGGAGVGRNFEKSSRFSVQKEGIGAPGSARTALQFKLFLLSRLFFIFTSHIP,0
INWLKLGKAIIDAL,0
HSDLPSGVYDPAQA,0
CKPASIKIRLNSTADTGFYV,0
QNYLAFPRM,1
VVGADNCNFN,0
APSGFLGMRG,1
MAITAAASRLGTEPF,0
ARSDNFVRL,1
CNTVTCATQRLANFLIHSSNNFGAIFSPPSVGS,1
GRADNFLRL,1
MSKRKMGPKQQKNPELPKSPEQPYGEPLSGSKKEKKANHSGQKHNPHHGL,0
TPLRGFEGETGHPLE,1
SAPRGCWTKSYPPKPCK,0
AVPDVAFNAYG,0
QIYDTSCKGVYDRALFNDLEHVCDDCYNLYRTSYVASACRSNCYSNLVFRQCMDDLLMMDEFDQYARKVQMV,1
MNIELIVQLGSLTLITIAGPLIVALLFLRQGNL,0
AFQTSFVFQRFYETN,0
GVGDIFRKIVSTIKNVV,0
PQPIFYHTTSPRL,1
MLTLTSYFGFLLAALTITPALFIGLNKIRLI,0
IDLSRFYGHFNT,1
TICYNHLTIRSEVTEICIICDDDYYF,0
FDIMGLIKKVAGAL,0
SAGPYAFGL,1
GIPCGESCVFIPCISSVVGCSCKSKVCYLD,0
LSVNYQWLVR,0
EKGYNPYVR,0
VYVPRYIANLY,1
MNKKLSIIFLIFALIASVLCSAEDPHLFHSSSTTTTTSSSGGTSGTDSSINTGSSYSGSGSGSGSTGGSGSGSGSGTAKWK,0
SGDTSSQAKGMWFGPRL,1
MLDIISLGWGSLLAIFSFSIALVVWGRNGF,0
PRDYAFGL,1
GPPYSFGL,1
EGGSSGEASGMWFGPRL,1
TKYVSKQFFSWG,1
FIPINNRLSDVLQSLEEERLRDSLLQDFFDRVAGRDGSAV,1
EDAYKFTTW,0
MPSWHGMVLLPYVKHTHASTHTHTHNIYGCACELVFH,0
GLNFSPSW,1
MSRSAWKPPFCHPSVLRLVNRALKQGSINKVIKIHSRASVILPNCLGLKFAVYNGKDYIPVSVNDQNMIGHKFGEFSPTRKFAGHNGDKKAVRR,0
DLLASLTHEQKQLIMSQLLPELLSELSNAEDHLHPMRDRDYAGWMDF,1
ADDINPKEECFFEDDYYEFE,0
LICFICFSPTAH,0
YGGFLRRQFKVVTRSQENPNTYSEDLDV,1
MEQNPNPNNLPAELNRTSLYLGLLLVFVTSVLFTSYFFN,0
GSNTECFWKYCV,0
GLWSTIKQKGKEAAIAAAKAAGKAVLNAASEAL,0
LGKSVTN,0
SNTKQPTPLGGVIFA,0
VGFFT,0
MRFCWQKSIHGS,0
DNYIKMSDKCCNVGCTRRELASRC,1
EQLIPFPRI,1
RPPGFTPFRKA,0
GSGFFGMR,1
AAPGWPEDGAGKMGAEEAKPPEGKGEWAHSRQEEEEMARAPQVLFRG,1
CCGVPNAACHPCVCKNTC,0
EYIPFIHEWV,0
SVQDNFIRF,1
HVFLRF,1
PKPPDRG,0
MKRTYQPSRRKRVRKFGFRARMATRGGRAILRRRRAKGRRKLTVSDEKKPY,0
QEKPYWPPPIYPM,0
VSVVGTVR,0
DGYTPRL,1
FPPWVL,0
TRSAWLNSEVAESGLDGDHLSDFSTTSPELYLR,1
PMSMLRL,1
ELVTLSGAHTIGQAR,0
ASMRGFQGMR,1
RSAQGMGKMERLLASYRGALEPSTPLGDLSGSLGHPVE,1
WKEMSVW,1
GWSMLRL,1
SRPYLFGL,1
NFLGTLINLAKKIM,0
QYDGRGSDMVEGPRVERMHPETSGGCVGAHCLTQNSEGPVGAMWFGPRL,1
ACNTATCMTHRLAGWLSRSGSMVRSNLLPTKMGFKIFNGPRRNSWF,1
ELEPEDEARPGSFDRPLAENNVVRTIIEFLTFLHLKDAGALERLPSLPTAESAEDAERS,1
IYEPEIA,0
ATKGSSDNRVLTGV,0
NKLKPSQWISL,0
APSQSTVTALLTSCVSYIDDQ,0
SLRRSSCFGGRMDRIGAQSGLGCNSFRY,1
MIIKTLKMSARKRN,0
SLFDPSCTGVFDRQLLRRLGRVCDDCFNVFREPNVATECRSNCYNNPVFRQCMAYVVPAHLHNEHREAVQMV,1
ANLMRF,1
GFIMEFAENLILRRMEDPK,0
MKCNKMNRVQLKEGSVSMTL,0
FDDLMLLLCCRQGPVCFIPLNEWPCSRM,0
LFFKGEKKL,0
GPSAFLRL,1
MYKLLIINP,0
TGPSASSGLWFGPRL,1
LVQPRGPRSGPGPWQGGRRKFRRQRPRLSHKGPMPF,1
FENEDEGYFQDPEDCS,0
AAPKATVRWCTISS,0
ESIVRPPPVEAKVEETPE,0
QPLPDCCRQKTCSCRLYELLHGAGNHAAGILTL,1
LSAGPNGGSIAKLSVK,0
MALPLLEYKPT,0
QIPWFHR,0
RSTQGYGRMDKLLATLMGSSEGGALESASQHSLE,1
AVPAVRKTNETLD,0
AWQSLQSSW,1
VDFFA,0
SPLQEAEDNSSLETTDPLLEDLMGVSNV,1
FLPLILGKLVKGLL,0
AYFSPWG,1
FLPFIAGMAANFLPKIFCAISKKC,0
FLAKNVAKKLVSHVAKKQLE,0
TPQANSFGL,1
GFNSALMF,1
RVCYAIPLPICY,0
GSVIGCGETCLRGRCYTPGCTCDHGICKKN,0
MCIDACIYVNDDVVYSYKCKNVWRGKFDATKVSAFEVDYEYESGYGNYDLMCTCATQMVSARHGPSNSRKKRAARELR,0
SPFRYLGAR,1
VFDSLGGYEVHGF,1
MSMTSDDIIYVVFALGLVVSFGLGAITAGVFR,0
LKLKSIVSWAKKVL,0
AEYPNDVNLTVYWDP,0
YGGTPPFV,0
SPVAASYRATAGLAGKALDF,0
FLPFLAKILTGVL,0
MTRRYWNIDLE,0
IVGGMEATPHSWPHQVA,0
WCLESSQCQDLSTESNLLACIRACKPDLSAETPVFPGNGDAQPLTENPRKYVMGHFRWDRFGRRNGSSSGGGGGGGGAGQ,1
CEDGGVPSASCRANTEDYRYCNACYLQEVIGK,0
LYGNLPF,0
DPSFLRF,1
AIEVQTVTLIPGD,0
EQCGRQAGGATCPNNLCCSQYGY,0
SVIDFMDVRKCIPCGPRNKGHCFGPNICCGEELGCYFGTTETLRCQEENFLPSPCESGRKPCGNNGGNCARSGICCNHESCTMDPACEQDSVFS,1
DVPASIDWREYGYVTEVKD,0
MPDQDPDRNSMLLNENSMLTEPIEPLNM,1
VPGYSHSFV,1
AREPSNATQLDGPARALLLRLVQLAGTRESVDSAKPRVY,1
TQAGSQNPNDLSPGP,0
MKGLPKFLSLGPVLLVLWLSVQATLLIVINIIYPDLLFYPLS,0
DVNGGWSCATTVDAKFRPNGCTD,0
HSLQNTEEKSSSFPAPQTDPLGDPDQISED,1
HVVNFTPRL,1
MKVFVLNGPNLGRLGKREPA,0
EIQPEEDIKAGNIGRPLADENIVRTVVEFLTYLHLKEAGALDNLPSPEETNES,1
ELTGERLEQARGPEAQAESAAARAELEYGLVAEAEAEAAEKKDSGPYKMEHFRWGSPPKDKRYGGFMTSEKSQTPLVTLFKNAIIKNAHKKGQ,1
CSNLSTCVLGTYTQDLNKFHTFPQTAIGVGAP,1
HADGTYTSDVSSYLQEQAAKDFITWLKSGQPKPE,1
MSDINATRLPIVGILGLPCIGDDVNSTLTHGEDLC,0
LVRVQETKEGTTRLLNSCEYKGRLSKARAGPAPDHQAEASTVTP,1
RSLQDTEEKSRSFSAPQTEPLNDLDQMNEDKRHSQGTFTSDYSKYLDSRRAQDFVQWLMNTKRNKNNIA,1
YGLAADHVLDAR,0
APTGHQEMQ,1
PFRGQGGWTLNSVGYNAGLGALRKLFE,1
ASSAPFIRF,1
RPPGFSPFRIAPASSL,0
MAFLKKSLFLVLFLAIVPLSICEEEKREEENEEKQEDDDQSEKRGLVSGLLNTAGGLLGDLLGSLGSLSGGES,0
SLTFEEVKDWAPKIKMNKPVVNKMPPSAANLPLRF,1
VPRYAFG,1
STNWSSCPTSAW,1
MKAPSGAFLLGVYSMDTHILR,0
MLVFQMRNVDKTSTVLKQTKNSDYADK,0
MLVGKKVQTF,0
KPRPDQFYGLM,1
DEGGTQYTPRL,1
QGIGVGDNDGKRGKR,0
SEPYLRF,1
APSSAGPLKPAPRLDGSFEQRATIGALLAKYLQQARKGSTGRFSVLGNRVQSIDPTHRINDRDYMGWMDF,1
HADGSFTSDFNKALDIKAAQEFLDWIINTPVKE,1
TDVGFDGWR,0
VRYADENVRTKEAKKK,0
IIAGTARSMGITVEG,0
GFKDGAADRISHGF,1
YTSIYMSHQCCFRGCSRRSLTAAC,1
NFDEIDRAGMGFA,1
SDNSVVLRYGDGEYSYPVVD,0
SGSAKVAFSAIRSTNH,1
NNQLNASHK,0
TRKLPFNGSIF,1
AIKVFHIVAETGIHARPAT,0
EQQQQQQPQNRRFRE,0
SGFYALRY,1
MKRIYQYFSLLSFTFSLYFGWLAYHHLAAEDMDQMYLNVSYCALFLSVMVFTFGMRDRKKTDKS,0
GLLSVLGSVAKHVLPHVVPVIAEHL,1
MDGFAFAPGL,1
SEESQEKEYP,1
ERDMHRFSFGL,1
AEYDVSDADIEAFYQ,0
MPRVRSVVQARDAEPEADAEPVADEADEVEQKQLQ,1
YCQEFLWTCDEERKCCGDMVCRLWCKKRL,0
MPQLDTTPWFITILSMIITLFILFQSNMSKYLYPLEPQPKTLKTQLYNAPWETKWTKIYLPHSLHLH,0
ECCTHAHCSQGCRPCC,0
PATVNADECSGCGTCVDECPNDAITLDEEKGIAVVDNDECVECGACEEACPNQAIKVEE,0
MGQLNVLTGSKGEIR,0
AELPQGLWVRPRLG,1
ARLDVAAEFRKKWNKWALSR,1
DYDFVRFG,1
PIDPGV,0
QTFTYSHGWTNGKRSTSLEELANRNAIQSDNVFANCELQKLRLLLQGNINNQLFQTPCELLNFPKRSFSENMINDHRQPAPTNNNY,1
MKSNKATFFLGLLLVYAFCIMLIESRCYTNDDCKDGQPCPVPLACLFGSCICPWKSQSKLPICQIICANLD,0
NQKTMSF,1
ESGGSGEANGMWFGPRL,1
MIIGAVEAGGTKFVDGVGNEKGEIFER,0
AGQNTES,0
MGQGAVEGQLFYNVQ,0
MKRTFQPNRARRKKKIGFRARMDTSGGRRILSARRRKGRKTISA,0
QGRPPRPHIPP,0
MAKKDQLTLRGPLYGNNRSHSKTITRRKWNVNLQSCKIKDTNGKVTRILVSTKTIRTLKKQNRF,0
NIQIICCKHTPACCT,0
SKGFGFISPKDGSKDVFVHFSAIQSDSFKTLNEGQEVSFTIENGAK,0
RFTFDCPGMMGQRYLYEQVEQVCDDCYNLYREEKIAVNCRENCFLNSWFTVCLQATMREHETPRFDIWR,1
ATDYEDEEFPGAVPPSVGAR,0
YPDGFDGEAV,0
HADGTFTSDVSSYLKDQAIKDFVDRLKAGQVRRE,1
DLFQVIKEKLKELTGGVIEGIQGV,0
AAGQDFMRF,1
MDKETLRALHVIVKGRVQGVGFRYWTRSLAKSLNVKGRVRNLADYSVEIIAEADTDTLGEFVYALKHEHPYARVESLNSEEVRARGYTDFRIEV,0
PIFTFASNVPADTITGFFL,0
MERASKMPSSYLYDQ,0
KADAVFAFQLR,0
PNPLERRIQSDLIRAALEDADMKTDERSVEGVISTIKDFAVKVCCSVSLKFCCPTA,0
SMVARQIPQTVVADH,1
EDTGTFEEGHGGVR,0
MCDILLNVLNIVFIGIAIILVIIC,0
MKVYTDIFTRDEFLSDSYPM,0
NPFHSWG,1
DYCCRRPTCIPIC,0
NYWRQCAFNAVSCF,1
APKQMVRF,1
MKRTYQPSRIKRKRTHGFLARKRTSTGRNVLRRRRAKGRERLTV,0
MTTFSSFPSIFVPLVGLVFPAIAMASLSLYVQKTKIF,0
GDTRRQIL,0
DAGYGQISH,1
NIVDVPCRDDYYRDSSGNGVYDQLGGCGAA,0
SPAVQEKAAWPELVGKTPEEARAQILLDKPNANVVVLEHHD,0
VVGGDCIPQVPFLAFLYSEYFC,0
MAGRNKAKPRLSKKEKEERRKDMAEVQEKVFSVVVPVVVAFTVVIMLIVYLKTRPRTDF,0
AGPYSFGL,1
DVSLPAEGFR,0
ELSLEFDYPDTNSEEELDNGELLEGPVKKGRKYKMHHFRWEGPPKDKRYGGFMTPERSQTPLMTLFKNAIIKNAHKKGQ,1
DGSYKMHHFRWSRPPKD,1
QQDYTGAHMDF,0
TKKDGEEKVA,0
LRPAFIRPKGK,0
FDRYEEENPYGYNFGAHIF,1
VDPAQVSGSWRTAAIASD,0
LPHYPRL,1
FRGHAKGDKKNQKK,0
VGQDATISFK,0
SQTQSFNFNKFEQNK,0
SNCFYNTEFLWCIDATENTR,1
QSDDYGHMRFG,1
FLSLIPHAINAVGVHAKHF,0
EDPFLRF,1
ELEPQGPPHLGTDLSKKQGPWAEEEAAYGWMDF,0
EPVKKKDLKKATVPL,0
SEDRSTGNSLKDSSSFSPARY,1
QHWSHGWYPGGKRSPDSPQDPQPAPRFPEGYWLGLAAGNPRQSTQSLPSKALAPPEDTVSEEAKTMAWWHLQKQRLIQTLLPRP,1
LGTGLGVDQN,0
FLFVGDL,0
SNSLFEEVRPIVNGMDCKLG,0
MFTGLPALSYEQQQQAVERIQQLMAEGMSSGQAIGMVAAEIRENHTGGHVAVMFDEDEEDYMGDNNHDEEEPEEE,0
ADNKFENSLRREIACGQCRDKVKCDPYFYHCG,0
NFLRF,1
MDELYPVEPEEEANGGEILA,1
LRQSQFVGSR,1
RGSNLTIHPLRNIIDLFYVG,0
APGYSHSFV,1
FYSQRY,1
GRREDDYDNLQL,0
VIGGSDTTIGQYPHQLSLR,0
MKLLVVAVIACIMLIGFADPASGCKDCSCVICGPGGEPCPGCSARVPVCKDLINIMEGLERQVRQCACGEQVWLF,0
ADNPGDDGN,0
GIFLPGSVILRALSRQ,1
ASGLVAFPRV,1
AHDGNPLEECFREDDEEFFLEIAKNGLTATSNPKRVVIV,0
SCNCVCGFCCSCSP,0
GPMEDPLEIIRI,0
DRLYSFGL,1
EDSLSDWERVYLPIDPGVVL,0
SGAPQPVARYCGEKLSNALKLVCRGNYNTMF,1
NLDEIDRSNFGTFA,1
DGRCCHPACAKHFNC,0
SEVPGVLRF,1
AYSNLNYLRF,1
PYDRISGSAFSDF,1
MPKRVLTGRVVSDKMDKTVTVLVERRVMHPLYKKFIRRSKKYAAHDEGNVCAMGDLVRIEECPPISKRKAWLVTARNGEPVGAAAEAQGA,0
GFCAQKGIKCHDIHCCTNLKCVREGSNRVCRKA,0
ARPSSNFIRL,1
TDPLWQLPGAHLEQYLS,1
AGESSNEAKGMWFGPRL,1
SQAEFDKAAEEVKRLKTQPTDEEMLFIYSHFKQATVGDVNTDRPGLLDLKGKAKWDSWNKLKGTSKESAMKTYVEKVDELKKKYGI,1
SSFPRY,1
GIVDFAKGVLGKIKNVLGI,0
TFIDVDCTVSKECWAPCKAAFGVDRGKCMGKKCKCYV,0
TQSPTFDRQD,1
NSELINSLLSLPKKLNDA,1
SGSGVRSAKKGGKAQGGQAGVGYKGSTEPG,0
SSMISPSYQFEDALGLSDALERA,1
GPSGFLGMR,1
FGVLAVTSR,0
SPPSQDFMRF,1
DVAHGILNKAYRKVLDQPSARRSPADAHGQGLGWDPGGSADDDSEPLS,1
KCNTATCATQRLTNFLVRSSHNLGAALLPTDVGSNTY,1
MSDELIHVVIALGLVISFGLGAITAGVLR,0
ILCINVAGRRIC,0
YGIHCNTLL,0
AVLHLAINEFQRL,1
LRSPKMMHKSGCFGRRLDRIGSLSGLGCNVLRKY,1
VIGGDECNINEHPFLVLVYY,0
DSSVLTSEYPR,0
FIAGLNGLR,0
MKIRSSVKKICNKCYLIRRKNNLLVVCINNKHKQRQG,0
DPSQDFMRF,1
HEEQITQPSATNDEA,0
KVKFSAWG,1
GLVPPADKY,0
ADWNKFQGSW,1
SDPEVPGMWFGPRL,1
SIRAPQLRLRF,1
SLSVQQRSDAAAAPRPAEPTLEEENGRMQLTAPVEIGMRMNSRQLEKYRAALEAAERAVHPDAPSRPCWPAGGESGWSGEPSPT,1
TSHGGGKAGKSKLLDVNY,0
AVGDDTPQLY,0
MEVGKLGKPYPLLNLAYVGV,0
QLDRNFLRF,1
SSANPQITRKRHKINSFVGLM,1
PAQPFRIKKRQGPFERP,0
APVPGGQGTVLDKMYPRGNHWAVGHLM,1
MKVRPSVKPICEKCKIIKRKGRVMVICENPRHKQKQG,0
EYFIGVN,0
MELCWLTTIHGS,0
QLTFTSSWGGKRAMTNSISCRNDEAIAAIYKAIQNEAERFIMCQKN,1
ALDGLDGAGFGFD,1
GWTLNSAGYLLGPHAVGNHRSFSDKNGLTS,1
ELNFSTGW,1
GNSYRSFFNPNEYTVVE,1
ALTEQASKVALTADL,0
MNRLKEIFQKEITPALVSKF,0
YRWNSFGLRY,1
DRLYAFGL,1
MPTITSYFCLLLAALTLTLALFIGLSKRQLI,0
DTRPPGFTPFR,0
MRKSYEVGISPKINLCNSVEVLTNSFGTVISGRQV,0
QDPYVDFLK,0
EGFYSQRY,1
MESILMIFAKLPEAYAPFDPIVDVLPVIPVLFLLLAFVWQAAVSFR,0
SVVDGWTTFR,0
PQVGLIPFPRV,1
NGSYPFGL,1
SDYLQLARG,1
GAPMFV,0
RRCSNRNFVRL,1
EGRMYSFGL,1
DSVGSTTAHKQQNINHLLDK,0
GFVRI,1
QGLVPFPRV,1
EPFKISIHL,0
VLDELTADR,0
SQAEFDKAAEEVKNLKTKPADDEMLFIYSHYKQATVGDINTERPGMLDFKGKAKWDAWNQLKGTSKEDAMKSYIDKVEELKKKYGI,1
DVSTPPTVLPDDSPRYPVVKLFQYNAWKQSTQRL,1
LPIYQFGL,1
MENPYEKVQSNILARIIGNVERLNQSVVILNQELRRVNTKNKNLELMSQMCENYRESVDFQLQATSKKQDPL,0
PHGGSAFVF,1
MSQNTKGKLSLVGLSLMI,0
AWSNLGQAW,1
QDGPIPP,0
MARIAGVNIPTGKRVPI,0
GSGADCFWKYCV,0
IPYIL,1
RYGRSYAMSHMPMSRMGRKMYQNYMYRRMQATKMMQYH,0
YAFGYPS,1
ECSQDCATCSYRLVRPADINFLACVMECEGKLPSLKIWETCKELLQLSKPELPQDGTSTLRENSKPEESHLLA,1
MSDINATRLPIWGIGCNPCVGDDVTSVLTRGEALC,0
AKAGVNKPELLP,0
SPVISYDKT,0
KSAYMRFG,1
SMRRSSDCFGSRIDRIGAQSGMGCGRRF,1
AIGPVADLHI,0
ACCVYKICYPC,0
LLGMIPVAISAINLMKL,0
RPKPQFFGLM,1
TLSRVPSLPQRF,1
NPTKYNFGL,1
SADPYRFMTVPT,1
LEIADLAQYVVDLTAR,0
YGETAAVYVAVESR,0
TSQDITSGMWFGPRL,1
QWGYGGY,1
IPIYE,1
LVVYPWTQRY,1
MRKKIIFVCQDCLSRNYVKRWTKQPLQRLIINKYCKQCNQKTKHLDSF,0
GCPWMPWC,0
QPHPDEFVGLM,1
MIEPLLCGIVLGLIPVTLLGLFVAAWNQYRRGGSALGG,0
MYRKFSDECFGPSTLINAIKVIALVVLITISAVVYLSVC,0
DEPPAFFLKIAKNIPRI,1
DASSSNENNSRPPFAPRL,1
GTLLRF,1
APSGFQGMR,1
AQSFVRL,1
AEFGPSQPFKGAK,0
NLINFMEMIRYTIP,0
GWRPSSREDSLEAGLPLQV,1
KPPGLW,1
MAYKIADSCVSCGACASECPVNAISQGDSIFVIDADTCIDCGNCANVCPVGAPVQE,0
KDCKRESNTFPGICITKPPCRKACIREKFTDGHCSKILRRCLCTKPC,0
KIWRS,0
GYEEREVAETVRELDAA,0
SCCARNPACRHNHPCV,0
RSRIGLW,1
QKNDKKDRFYGLM,0
SKQLRYHHCYFNPISCF,1
RLRAS,1
PLDSVYGTHGMSGFA,1
DEDNVLLT,0
EATVDMPLD,0
TNFAFSPRL,1
GAKERNNAEAVRERLEEI,0
ISGLIYEETRIFLENVIR,0
FTAAAEAEAAAA,0
MFSPQ,0
MNYLAFPRM,1
DVSTPPTVLPDNFPRYPVGKFFQYDTWKQSAQRL,1
AEYFQHWGQGTLVTVSS,0
TPSYAFGL,1
EQLIPFPRV,1
CCNWPCSFGCIPCCY,0
GGKNDNFIRF,1
AKTFKYIILG,0
HADGVFTSDFSKLLGQLSAKKYLESLMGKRVSSNISEDPVPV,1
VDTVVRKNVDSL,0
LYTHFSTRL,1
EAEPHSRI,0
FITLLLRKFICSITKKC,0
TVDFGLSRGYSGAQEAKHRMAMAVANFAGGP,1
MAQDAITAV,0
GIGSALAKAAKLIEGMV,0
PGVNFLRF,1
MNSNLTALRTVQASRPFLSNKKRMALFVQEKLA,0
SLDSLGSFQVHGW,1
EQLEQWAAILGAGWN,1
ELATNEVNHPQEDSALIQQKKKDGSYKMKHFRWSSPPAGKRYGGFMKSWDERSQKPLLTLFKNVINKEHQKKDQ,1
QDSGDEWPQQPFVPRL,1
TNTPEDDRYLQDYVYI,0
SFIDNTCRGVMGNRDIYKKVVRVCEDCTNIFRLPGLDGMCRNRCFYNEWFLICLKAANREDEIEKFRVWISILNAGQ,1
HDYMRF,1
FVPLLVSKLVCVVTKKC,0
YPAKPASPRDGAPPEELAKYYSALRHYINLITRQRY,1
QDEGSEATGFLPAAGEKTSGPLGNLAEELNGYSRKKGGFSFRF,1
SDEDSDGDRPQASPGLGPGP,1
NWNNLRGAW,1
RPRPQQFFGLM,1
FANQHLCGSHLVEALYLVCGERGFFYTPKA,1
SVLTTLKTDGGLRIFKDAPNEF,1
GKFSVFGKILRSIAKVFKGVGKVRKQFKTASDLDKNQ,0
VMYYSLPRPV,0
AQPSFAF,1
ALSDTELRQCLPCGPGGQGRCFGPSICCADALGCFVGTAEALRCQEENYLPSPCQSGQKPCGSGGRCAANGVCCNDESCVIEPECREEFHRPV,1
SDARLQGLF,1
APLTNEYLNHLCHKC,0
YFSPWG,1
IAIFNAYTPLPFAD,0
LADDMPATMADQEVYRPEPEQIDSRNKYFSPRL,1
HKDAFIGLM,1
AKEKEVTFQSGGPT,0
TPAQSSDFMRF,1
NSELINSILGLPKVMNDA,1
VKVYNQFGTKVELGVSMRIF,0
SLVPQSYSNNENQI,1
MGNISPLTGTNGEIR,0
FWGTLAKLALKAVPAVMGMIKKE,0
ARARLGVRRFRRKR,0
RKPHPKEFVGLM,1
RSVEGVSRMEKLLT,1
IVRRGCCSDPRCAWRCG,0
LPVYNFGI,1
SRSELIVHQR,0
DTVNAA,0
ALNSLDGNGFGFD,1
EDDHDHHHHHHHHHHHHGVGGGGGGGGGGA,0
GVVDILKGAGKDLLAHLVGKISEKV,0
TRSAWPGTTGSGLLEDPQPHTSPTSTSLEPSSR,1
GIKDYLKKLLQKAINKIKSLRKKQDA,0
ANAKVPSHTISNPF,0
KAVRSPSLRLRF,1
NDFSRDIMSF,1
NDWRNAMYPVVPGHE,0
QNWPSPKVPP,0
SPREPIRF,1
PAPDSSFLRDP,1
SPLSSSSSSPSSSAAMEPLTANQLLASALSSGGLNSLKPSEKALL,1
AFLTLTPGSHVDSYVEA,1
TTAIEPFISLGDK,0
RIISSVAVAVAGTA,0
CCHSSWCKHLC,0
TDRNFLRL,1
ELEGEQPDGLEQVLEPDTEKADGPYRVEHFRWGNPPKD,1
AFDSLAGQGFTGFE,1
ELHVNKARRPYIL,1
GYQVDCVSYNYDNVNENLAQQFVDTQG,0
GYNRSFLRF,1
QCCPTMPECCRI,0
QCSLDSVMDKKIKDVLNSLEYSPSPISKKLSCASVKSQGRPSSCPAGMAVTGCACGYGCGSWDVQLETTCHCQCSVVDWTTARCCHLT,1
GWQDMSSAW,1
EVRYRQCYFNPISCF,1
LAAGKVEDSD,0
LKDAQSRITK,0
AMAHLPLRLGKNREDSLSRWVPNLPQRF,1
CLITNCPRL,1
DGGEPAAPLWFGPRV,1
MASCCICIRPRHLPVTTVTIVTLSEERIRNVTHPQKPFQKTRSPAFVVQPMERAPLFEIGATRADTWPEGLIPRARSGP,0
ADVPGNYPLDSYGNCYPCTILGDNQYCI,0
IVLSLDVPIGLLQILLEQARARAAREQATTNARILARVGHC,1
NSMERVEELRKKLQD,0
DTLKSEKNADFKDLY,0
MDYTQILIKPVISEKATDIKEAANQVAFYVLPSANKTEVKKAVESAFDVKVDSVRIVRKRPGLRRKFGRVVGKLSGYKKAYVKLSEGEKIEFFEGV,0
MPRVRSLFQEQEEPEPGMEEAGEMEQKQLQ,1
GIVEQCCHRPCNIFDLQNYCN,1
AIPFNGGMYG,1
LASLKSDTVTPLR,1
LYDFGL,1
YGGFMRGL,1
GRDYSFGL,1
AAGLQNYDFG,1
EEDFMRF,1
HISPSYDVEIDAGNMRNLLDIG,1
AGGTSGLYAFPRV,1
NQEGLFGGR,0
SLFDPSCTGVFDRQLLRRLRRVCDDCFNVFREPNVSTECRSNCYNNEVFRQCMEYLLPPHLHEEHRLAVQMV,1
QPVPPADSAVPGAQEEEAHRRQLRAVQKVDGESRAHLGALLARYIQQARKAPSGRVSMIKNLQSLDPSHRISDRDYMGWMDFGRRSAEEYEYTS,1
SASSGESSGMWFGPRL,1
RYLMT,1
NSSSGSAHQKREDVAAGEDRGLLPEGGPEPRGDGAGPGPRE,1
AWSNLQGAW,1
SSSEQEEEDVRQVE,1
GWMDF,1
DYRPLQF,1
DQVKIVL,1
NNQESYFV,1
MPPKPDNPSPDASPELSKYMLAVRNYINLITRQRY,1
DGDMSGEGKGMWFGPRL,1
AYMYTNGGPGM,1
LAKTVPLNDGTNFPIFGG,0
HQRSTGF,1
GLIDVRCYDSSQCE,0
QLNFTPWWGKRALGAPAAGDCVSASPQALLSILNAAQAEVQKLIDCSRFTSEANS,1
GSSFLSPSQRPQGKDKKPPRV,1
SDRPTRAMDSPLIRF,1
GIAEFLNYIKSKA,0
SIKPSAYLPLRF,1
EGFQLMDRGTFDEIGR,0
GSLGEKYAQKAAEVLTSIIP,0
GGRSNDNFIRF,1
DRPYSFGL,1
YGEPKLDAGV,0
FLSLIPAAISAVSALADHF,0
GYGDRNFLRF,1
GPLNAQHQS,0
SNLFGNLVNQFQQDDVMQQ,1
SPALDDERNDNFIRL,1
IWSGIQSAF,0
IDWKKLLDAAKQIL,0
RVTYEWMMENVKICRNDFVRTAIEVCGHVHLE,1
VVAFERAK,0
QVRFRQCYFNPISCF,1
DPLNEERRANRYGFGL,1
GCCGAFACRFGCTPCC,0
GMASKAGQVLGKLAKVAIGAA,0
AAASDNFMRF,1
MRNIKVKPFLN,0
MDLSFTLSVVTA,0
SGLDSLSGATFGGNR,1
RLRFN,1
RICTPIPFPMCY,0
KWCFRVCYRGICYRRCR,0
AECMVDETVCYIHNHNNC,0
ALNSLDGAGFGFE,1
MKIIGLIGGIGSGKTTVAQLFVDEGFPLVD,0
DFFFQGLNTPR,0
SSPETLISDLLMKESTENAPRTRLEDPSMW,1
SIYVGNLSYD,0
MAIVGTIIKIIKAIIDIFAK,0
SPSAAPLIRF,1
ALVEDPQMQKYHKH,0
HLRGRF,1
GGARAFYDE,1
VPPGFTPFRQS,0
